company,model,engine,horse power,price,fuel type, number of seats, status of the car,mileage
FERRARI,SF90 STRADALE,V8,963,1100000,plug in hyrbrid,2,Used,686279
ROLLS ROYCE,PHANTOM,V12,563,460000,Petrol,5,New,0
Ford,KA+,1.2L Petrol,77,13500,Petrol,5,Used,654334
MERCEDES,GT 63 S,V8,630,161000,Petrol,4,New,0
AUDI,AUDI R8 Gt,V10,602,253290,Petrol,2,Used,654032
BMW,Mclaren 720s,V8,710,499000,Petrol,2,New,0
ASTON MARTIN,VANTAGE F1,V8,656,193440,Petrol,2,New,0
BENTLEY,Continental GT Azure,V8,550,311000,Petrol,4,Used,91232
LAMBORGHINI,VENENO ROADSTER,V12,750,4500000,Petrol,2,Used,504885
FERRARI,F8 TRIBUTO,V8,710,280000,Petrol,2,Used,147555
FERRARI,812 GTS,V12,789,350000,Petrol,2,Used,345976
FERRARI,PORTOFINO,V8,592,210000,Petrol,0,New,0
FERRARI,ROMA,V8,612,230000,Petrol,0,Used,60025
FERRARI,MONZA SP2,V12,789,1700000,Petrol,2,New,0
FERRARI,F8 SPIDER,V8,710,280000,Petrol,2,Used,485604
FERRARI,PORTOFINO M,V8,612,220000,Petrol,0,Used,393261
FERRARI,ROMA SPIDER,V8,612,240000,Petrol,0,New,0
TOYOTA,GR SUPRA,I4,382,53900,Petrol,2,New,0
TOYOTA,TOYOTA 86,BOXER-4,205,27000,Petrol,0,New,0
TOYOTA,TOYOTA  GR86,BOXER-4,228,30000,Petrol,4,Used,835157
TOYOTA,TOYOTA LAND CRUISER,V8,381,85000,Diesel,7,Used,109282
TOYOTA,TOYOTA SEQUOIA,V8,381,50000,Petrol,7,Used,874085
NISSAN,GT-R,V6,600,113000,Petrol,4,Used,904770
NISSAN,370Z,V6,332,30000,Petrol,2,Used,468471
NISSAN,Z PROTO,V6,400,40000,Petrol,2,New,0
NISSAN,ALTIMA,I4,188,25000,Petrol,5,Used,27618
NISSAN,MAXIMA,V6,300,35000,Petrol,5,Used,51898
NISSAN,SENTRA,I4,149,20000,Petrol,5,Used,462145
NISSAN,ROGUE,I4,201,28000,Petrol,5,New,0
NISSAN,PATHFINDER,V6,284,35000,Petrol,7,Used,904173
NISSAN,FRONTIER,V6,310,30000,Petrol,5,New,0
NISSAN,TITAN,V8,400,40000,Petrol,5,Used,930019
ASTON MARTIN,VALKYRIE,V12,1160,3200000,Hybrid,2,New,0
ASTON MARTIN,VALHALLA,V8,1000,1100000,Hybrid,2,Used,464515
ASTON MARTIN,DBS SUPERLEGGERA,V12,715,316000,Petrol,2,New,0
ASTON MARTIN,DB11,V12,600,208000,Petrol,4,Used,103018
ASTON MARTIN,VANTAGE,V8,503,142000,Petrol,2,Used,15684
ASTON MARTIN,DBX,V8,542,189000,Petrol,5,New,0
ASTON MARTIN,RAPIDE AMR,V12,580,240000,Petrol,4,New,0
ASTON MARTIN,VANQUISH,V12,580,294000,Petrol,2,New,0
ASTON MARTIN,LAGONDA TARAF,V12,540,1100000,Petrol,4,Used,342849
ASTON MARTIN,VICTOR,V12,836,1300000,Petrol,2,Used,393323
LAMBORGHINI,SIAN,V12,819,2800000,Hybrid,2,Used,821427
LAMBORGHINI,AVENTADOR SVJ,V12,759,518000,Petrol,2,New,0
LAMBORGHINI,HURACAN PERFORMANTE,V10,640,274000,Petrol,2,Used,907347
LAMBORGHINI,HURACAN EVO,V10,640,261000,Petrol,2,Used,498163
LAMBORGHINI,AVENTADOR SV,V12,740,493000,Petrol,2,New,0
LAMBORGHINI,URUS,V8,641,211000,Petrol,5,New,0
LAMBORGHINI,HURACAN SPYDER,V10,610,287000,Petrol,2,New,0
LAMBORGHINI,AVENTADOR ROADSTER,V12,700,445000,Petrol,2,Used,582294
LAMBORGHINI,HURACAN  PERFORMANTE SPYDER,V10,640,308000,Petrol,2,New,0
LAMBORGHINI,AVENTADOR S,V12,740,421000,Petrol,2,Used,271125
LAMBORGHINI,HURACAN EVO SPYDER,V10,640,287000,Petrol,2,Used,782099
LAMBORGHINI,URUS PERFORMANTE,V8,641,242000,Petrol,5,New,0
LAMBORGHINI,AVENTADOR ULTIMAE,V12,769,545000,Petrol,2,Used,434800
LAMBORGHINI,HURACAN EVO RWD,V10,610,258000,Petrol,2,Used,352729
LAMBORGHINI,AVENTADOR SVJ ROADSTER,V12,759,573000,Petrol,2,Used,978835
LAMBORGHINI,URUS S,V8,671,263000,Petrol,5,Used,661673
LAMBORGHINI,HURACAN STO,V10,640,327000,Petrol,2,Used,862099
LAMBORGHINI,AVENTADOR LP 780-4 ULTIMATE,V12,769,545000,Petrol,2,New,0
LAMBORGHINI,HURACAN EVO RWD SPYDER,V10,610,273000,Petrol,2,Used,775033
LAMBORGHINI,AVENTADOR SVJ XAGO,V12,759,603000,Petrol,2,New,0
LAMBORGHINI,URUS GRAPHITE CAPSULE,V8,641,253000,Petrol,5,Used,455592
LAMBORGHINI,HURACAN STO EVO,V10,640,342000,Petrol,2,Used,638754
LAMBORGHINI,AVENTADOR LP 780-4 ULTIMATE ROADSTER,V12,769,573000,Petrol,2,New,0
ROLLS ROYCE,GHOST,V12,591,332000,Petrol,5,Used,554195
ROLLS ROYCE,WRAITH,V12,624,330000,Petrol,4,New,0
ROLLS ROYCE,DAWN,V12,624,360000,Petrol,4,New,0
ROLLS ROYCE,CULLINAN,V12,563,325000,Petrol,5,Used,734466
ROLLS ROYCE,PHANTOM EXTENDED,V12,563,500000,Petrol,5,Used,55861
ROLLS ROYCE,GHOST EXTENDED,V12,591,370000,Petrol,5,New,0
ROLLS ROYCE,WRAITH BLACK BADGE,V12,624,360000,Petrol,4,New,0
ROLLS ROYCE,DAWN BLACK BADGE,V12,624,390000,Petrol,4,Used,74293
ROLLS ROYCE,CULLINAN BLACK BADGE,V12,563,350000,Petrol,5,Used,542138
ROLLS ROYCE,PHANTOM COUPE,V12,563,450000,Petrol,4,New,0
ROLLS ROYCE,GHOST COUPE,V12,591,340000,Petrol,4,Used,812168
ROLLS ROYCE,WRAITH COUPE,V12,624,330000,Petrol,4,New,0
ROLLS ROYCE,DAWN CONVERTIBLE,V12,624,380000,Petrol,4,Used,706643
ROLLS ROYCE,CULLINAN SUV,V12,563,320000,Petrol,5,Used,460756
MERCEDES,BENZ S-CLASS S 580,V8,496,116000,Petrol,5,New,0
MERCEDES,BENZ E-CLASS E 63 S,V8,603,104000,Petrol,5,New,0
MERCEDES,BENZ CLA 45 AMG,I4,382,53000,Petrol,5,Used,962762
MERCEDES,BENZ GLE 63 S,V8,603,113000,Petrol,5,New,0
MERCEDES,BENZ S-CLASS S 500,V6,429,109000,Petrol,5,New,0
MERCEDES,BENZ E-CLASS E 450,V6,362,62000,Petrol,5,Used,685359
MERCEDES,BENZ CLS 450,V6,362,70000,Petrol,5,Used,256574
MERCEDES,BENZ GT 53,V6,429,99000,Petrol,5,New,0
MERCEDES,BENZ GLE 450,V6,362,63000,Petrol,5,New,0
MERCEDES,BENZ A-CLASS A 45 S,I4,416,53000,Petrol,5,Used,438849
MERCEDES,BENZ C-CLASS C 43,V6,402,52000,Petrol,5,Used,998639
MERCEDES,BENZ E-CLASS E 350,I4,255,49000,Petrol,5,Used,384894
MERCEDES,BENZ GLE 350,I4,255,53000,Petrol,5,Used,961353
MERCEDES,BENZ GLC 43,V6,402,54000,Petrol,5,New,0
MERCEDES,BENZ GLA 45,I4,382,48000,Petrol,5,New,0
MERCEDES,BENZ GLC 350,I4,255,46000,Petrol,5,New,0
MERCEDES,BENZ GLE 53,V6,429,71000,Petrol,5,New,0
MERCEDES,BENZ S-CLASS S 350,I4,255,90000,Petrol,5,Used,801037
MERCEDES,BENZ EQS 53,ELECTRIC MOTOR,751,102000,Electric,5,Used,872122
MERCEDES,BENZ MAYBACH S 680,V12,630,200000,Petrol,5,Used,288563
BMW,M5 CS,V8,627,142000,Petrol,5,New,0
BMW,M4 GTS,I6,493,133000,Petrol,4,Used,436569
BMW,M3 COMPETITION,I6,503,76000,Petrol,5,Used,392214
BMW,M2 CS,I6,444,83000,Petrol,4,Used,135027
BMW,X5 M COMPETITION,V8,523,114000,Petrol,5,Used,2992
BMW,X3 M COMPETITION,I6,503,69000,Petrol,5,New,0
BMW,M8 GRAN COUPE,V8,523,146000,Petrol,5,Used,946977
BMW,M850i DRIVE COUPE,V8,523,108000,Petrol,4,New,0
ROLLS ROYCE,DAWN BLACK BADGE VOLANTE,V12,563,398000,Petrol,4,New,0
ROLLS ROYCE,CULLINAN BLACK BADGE SUV,V12,563,381000,Petrol,5,Used,246378
ROLLS ROYCE,PHATOM TRANQUILITY,V12,563,475000,Petrol,5,Used,183725
ROLLS ROYCE,GHOST ZENITH,V12,563,335000,Petrol,5,Used,234721
ROLLS ROYCE,WRAITH EAGLE VIII,V12,623,349000,Petrol,4,New,0
ROLLS ROYCE,PHATOM ORCHID,V12,563,495000,Petrol,5,Used,267522
ROLLS ROYCE,GHOST AZURE,V12,563,355000,Petrol,5,New,0
ROLLS ROYCE,WRAITH KRYPTOS,V12,623,369000,Petrol,4,Used,290542
ROLLS ROYCE,DAWN SILVER BULLET,V12,563,418000,Petrol,4,New,0
ROLLS ROYCE,CULLINAN FUX ORANGE,V12,563,401000,Petrol,5,Used,679787
ROLLS ROYCE,PHANTOM CELESTIAL,V12,563,515000,Petrol,5,Used,904534
ROLLS ROYCE,GHOST MYSORE,V12,563,375000,Petrol,5,New,0
ROLLS ROYCE,WRAITH LUMINARY,V12,623,389000,Petrol,4,Used,551686
ROLLS ROYCE,DAWN BLACK BADGE ADAMAS,V12,563,439000,Petrol,4,Used,42033
ROLLS ROYCE,CULLINAN RED DIAMOND,V12,563,421000,Petrol,5,Used,207309
AUDI,R8 V10 PLUS,V10,610,194000,Petrol,2,New,0
AUDI,RS7 SPORTBACK,V8,591,114000,Petrol,5,Used,715239
AUDI,S8,V8,563,101000,Petrol,5,New,0
AUDI,RS6 AVANT,V8,591,109000,Petrol,5,Used,133799
AUDI,S7 SPORTBACK,V8,563,96000,Petrol,5,New,0
AUDI,A8,V6,335,86000,Petrol,5,New,0
AUDI,S5 COUPE,V6,349,64000,Petrol,4,New,0
AUDI,SQ5,V6,349,62000,Petrol,5,Used,632925
AUDI,S4 SEDAN,V6,349,59000,Petrol,5,New,0
AUDI,S3 SEDAN,I4,306,52000,Petrol,5,New,0
AUDI,Q7,V6,335,60000,Petrol,7,Used,264644
AUDI,Q5,I4,248,43000,Petrol,5,Used,6559
AUDI,A7,V6,335,68000,Petrol,5,New,0
AUDI,A6,V6,335,58000,Petrol,5,Used,857462
AUDI,A5 COUPE,I4,248,45000,Petrol,4,New,0
AUDI,A4,I4,248,39000,Petrol,5,Used,632817
AUDI,Q3,I4,248,35000,Petrol,5,New,0
AUDI,E-TRON,ELECTRIC,402,75000,Electric,5,New,0
AUDI,E-TRON SPORTBACK,ELECTRIC,402,78000,Electric,5,New,0
AUDI,TT COUPE,I4,248,49000,Petrol,2,New,0
BMW,I8 ROADSTER,ELECTRIC MOTOR,369,165000,Hybrid,2,New,0
BMW,330i,I4,255,45000,Petrol,5,New,0
BMW,M340i XDRIVE,I6,382,57000,Petrol,5,New,0
BMW,430i COUPE,I4,255,48000,Petrol,4,Used,405904
BMW,M4 COMPETITION,I6,503,81000,Petrol,4,New,0
BMW,530i,I4,248,57000,Petrol,5,New,0
BMW,M550i XDRIVE,V8,523,78000,Petrol,5,Used,877810
BMW,118i,I3,136,32000,Petrol,5,Used,254382
BMW,128ti,I4,261,42000,Petrol,5,New,0
BMW,M135i XDRIVE,I4,302,30000,Petrol,5,Used,258592
BMW,116D,I3,116,30000,Diesel,5,New,0
BMW,120D XDRIVE,I4,190,38000,Diesel,5,Used,872624
BMW,116i,I3,109,28000,Petrol,5,Used,79933
BMW,118D,I4,150,34000,Diesel,5,New,0
BMW,120i,I4,178,37000,Petrol,5,New,0
BMW,125i,I4,224,42000,Petrol,5,Used,172856
BMW,114D,I3,95,27000,Diesel,5,Used,780746
BMW,114i,I4,102,26000,Petrol,5,Used,649243
BMW,125D,I4,224,44000,Diesel,5,New,0
BMW,118i XDRIVE,I3,136,34000,Petrol,5,New,0
BMW,116D EFFICIENTDYNAMICS,I3,116,30000,Diesel,5,New,0
BMW,118i SPORTLINE,I3,136,35000,Petrol,5,Used,810151
BMW,118i M SPORT,I3,136,37000,Petrol,5,New,0
BMW,120i M SPORT,I4,178,39000,Petrol,5,New,0
BMW,116i EFFICIENTDYNAMICS,I4,109,29000,Petrol,5,Used,987242
BMW,116D ADVANTAGE,I3,116,31000,Diesel,5,New,0
BMW,120D EFFICIENTDYNAMICS,I4,163,39000,Diesel,5,Used,829756
BMW,118i SHADOW LINE,I3,136,36000,Petrol,5,New,0
BMW,118D SPORT LINE,I4,150,36000,Diesel,5,Used,800686
BMW,120i XDRIVE,I4,178,40000,Petrol,5,New,0
BMW,114D SPORT LINE,I3,95,28000,Diesel,5,Used,756785
BMW,118i URBAN LINE,I3,136,35000,Petrol,5,Used,92087
VOLVO,XC90,I6,247,60000,Petrol/Diesel,7,New,0
VOLVO,XC60,I6,247,55000,Petrol/Diesel,5,New,0
VOLVO,S90,I6,295,60000,Petrol/Diesel,5,Used,40095
KIA,SPORTAGE LX,I4,187,27000,Petrol,5,Used,977243
KIA,SPORTAGE EX,I4,187,30000,Petrol,5,Used,671855
KIA,SPORTAGE GT-LINE,I4,187,32000,Petrol,5,Used,147049
KIA,SPORTAGE SX TURBO,I4,240,36000,Petrol,5,Used,461352
KIA,SPORTAGE NIGHTFALL EDITION,I4,187,33000,Petrol,5,Used,198479
HONDA,CIVIC TYPE R,I4,315,44000,Petrol,5,New,0
KIA,SPORTAGE PHEV,I4 + ELECTRIC,261,41000,Plug-in Hybrid,5,Used,203903
KIA,SPORTAGE 2024(BASE MODEL),I4,187,26000,Petrol,5,Used,586081
KIA,SPORTAGE 2024(TOP TRIM),I4,240,38000,Petrol,5,Used,159404
KIA,SPORTAGE 2024(BASE AWD),I4,187,29000,Petrol/AWD,5,New,0
KIA,SPORTAGE X-LINE,I4,187,32500,Petrol,5,Used,785133
KIA,SPORTAGE 2024(S TRIM),I4,187,28000,Petrol,5,New,0
HONDA,ACCORD,I4,192,29400,Petrol,5,New,0
KIA,SPORTAGE 2024(HYBRID AWD),I4 + ELECTRIC,227,37000,Hybrid,5,New,0
KIA,SPORTAGE 2024(PLUG-IN HYBRID AWD),I4 + ELECTRIC,261,42000,Plug-in Hybrid,5,New,0
KIA,SPORTAGE 2024(X-PRO),I4,187,36000,Petrol,5,Used,95234
KIA,SPORTAGE 2024(X-PRO PRESTIGE),I4,187,38000,Petrol,5,New,0
KIA,SPORTAGE 2024(SX TURBO AWD),I4,240,40000,Petrol/AWD,5,New,0
KIA,SPORTAGE 2024(BASE FWD),I4,187,26500,Petrol,5,New,0
HONDA,CR-V,I4,190,30000,Petrol/Hybrid,5,Used,120458
HONDA,PILOT,V6,285,40000,Petrol,8,Used,399234
HONDA,CIVIC HATCHBACK,I4,180,26350,Petrol,5,Used,738456
TOYOTA,CAMRY,V6,301,27000,Petrol/Hybrid,5,New,0
TOYOTA,COROLLA,I4,139,22500,Petrol/Hybrid,5,New,0
TOYOTA,PRIUS,I4,121,26700,Hybrid,5,New,0
TOYOTA,RAV4,I4,203,27100,Petrol/Hybrid,5,Used,936052
TOYOTA,HIGHLANDER,V6,295,38400,Petrol/Hybrid,7,New,0
TOYOTA,4RUNNER,V6,270,37400,Petrol,5,New,0
TOYOTA,TACOMA,I4,159,26400,Petrol,5,Used,321117
TOYOTA,TUNDRA,V8,381,39900,Petrol,5,New,0
TOYOTA,AVALON,V6,301,41400,Petrol,5,Used,411803
TOYOTA,MIRAI,I4,151,52400,Hydrogen,5,Used,937320
TOYOTA,SIENNA,V6,245,44150,Petrol/Hybrid,7,Used,916532
TOYOTA,VENZA,I4,219,33400,Hybrid,5,Used,106421
TOYOTA,HIGHLANDER HYBRID,V6,240,40400,Hybrid,7,Used,32739
TOYOTA,LAND CRUISER PRADO,V6,282,49400,Petrol/Diesel,7,Used,903645
TOYOTA,TUNDRA HYBRID,V6,344,43400,Hybrid,5,New,0
TOYOTA,YARIS,I4,106,18400,Petrol,5,New,0
TOYOTA,C-HR,I4,144,24400,Petrol/Hybrid,5,Used,588682
TOYOTA,BZ4X,ELECTRIC,218,43400,Electric,5,Used,387247
TOYOTA,CROWN,HYBRID,236,38400,Hybrid,5,Used,640942
TOYOTA,MR2,I4,168,29000,Petrol,2,Used,317676
TOYOTA,CELICA,I4,140,25000,Petrol,5,Used,10815
HONDA,CITY,I4,119,15400,Petrol/Hybrid,5,Used,144963
HONDA,CIVIC,I4,158,20400,Petrol,5,New,0
"HYUNDAI,I10,""1.2L,0,160,12.2,0,Used,120"
"HYUNDAI,I20,""1.4L,0,180,10.5,0,Used,250"
"HYUNDAI,ELANTRA,""2.0L,0,200,9.5,0,Used,250"
"MAHINDRA,XUV500,""2.2L,0,180,10.5,0,Used,400"
"MAHINDRA,SCORPIO,""2.2L,0,160,11.2,0,Used,280"
"MAHINDRA,THAR,""2.0L,0,180,10.5,0,Used,320"
"MARUTI SUZUKI,SWIFT,""1.2L,0,160,12.2,0,Used,113"
"MARUTI SUZUKI,DZIRE,""1.2L,0,160,12.2,0,Used,113"
"MARUTI SUZUKI,BREZZA,""1.5L,0,180,11.5,0,Used,200"
"TOYOTA,PRIUS PRIME,""2.0L,0,180,6.7,0,Used,220"
"TOYOTA,GR COROLLA,""1.6L,1618,2,36995.0,0,Used,0"
"TOYOTA,LAND CRUISER 300,""3.3L,0,210,6.8,0,Used,650"
"TOYOTA,TUNDRA I-FORCE MAX,""3.5L,0,180,6.2,0,Used,750"
"TOYOTA,COROLLA HATCHBACK XSE,""2.0L,1987,8,25390.0,0,Used,0"
"TOYOTA,MIRAI,""HYDROGEN FUEL CELL,1,9,49500.0,0,Used,0"
"TOYOTA,HILUX GR SPORT,""2.8L,0,170,10.0,0,Used,500"
"TOYOTA,ALPHARD EXECUTIVE LOUNGE,""2.5L,0,1985,296.0,0,Used,0"
"TOYOTA,FORTUNER GR SPORT,""2.8L,0,175,10.5,0,Used,500"
TOYOTA,INNOVA HYCROSS,2.0L HYBRID,184,40000,Hybrid,7,New,0
"TOYOTA,COASTER,""4.0L,4009,0,70000.0,0,Used,0"
"TOYOTA,URBAN CRUISER TAISOR,""1.5L,1490,11,25000.0,0,Used,0"
"TOYOTA,AYGO X,""1.0L,998,14,18000.0,0,Used,0"
"TOYOTA,HILUX REVO ROCCO,""2.8L,0,175,10.0,0,Used,500"
TOYOTA,PROACE VERSO ELECTRIC,ELECTRIC MOTOR,136,55000,Electric,7,New,0
"TOYOTA,CENTURY SUV,""3.5L,0,200,6.0,0,Used,500"
"TOYOTA,COROLLA SEDAN HYBRID,""1.8L,1798,10,24000.0,0,Used,0"
TOYOTA,BZ3,ELECTRIC MOTOR,241,35000,Electric,5,Used,257839
"TOYOTA,GR YARIS,""1.6L,1618,5,45000.0,0,Used,0"
HYUNDAI,SANTA FE,1.6L PETROL + PLUG IN HYBRID SYSTEM,253,50000,Petrol/Hybrid,7,New,0
HYUNDAI,IONIQ 5,ELECTRIC MOTOR,225,41000,Electric,5,Used,651846
HYUNDAI,Santa Cruz,2.5L Turbocharged Inline-4,281,40799,Petrol,5,Used,387337
HYUNDAI,Kona,1.6L PETROL,147,20500,Petrol/EV,5,Used,900557
HYUNDAI,Elantra,2.0L Inline-4,147,19950,Petrol/Hybrid,5,New,0
Nissan,Urvan,2.5L Turbo Diese,2488,28000,Diesel,15,New,0
HYUNDAI,IONIQ 6,Electric Motor,320,41450,Electric,5,Used,679596
HYUNDAI,Tucson,2.5L Inline-4,187,30500,Petrol/Hybrid,5,New,0
HYUNDAI,Palisade,3.8L V6,291,52000,Petrol,7,New,0
HYUNDAI,Sonata,2.5L Inline-4,191,25000,Petrol/Hybrid,5,Used,262927
HYUNDAI,Accent,1.6L Inline-4,120,15000,Petrol,5,New,0
HYUNDAI,Venue,1.6L Inline-4,121,18000,Petrol,5,Used,236713
HYUNDAI,KONA Electric,Electric Motor,200,40000,Electric,5,New,0
HYUNDAI,Veloster,2.0L Inline-4,275,25000,Petrol,4,New,0
HYUNDAI,NEXO,Electric Motor,161,38000,Hydrogen,5,New,0
HYUNDAI,Ioniq,1.6L Inline-4,139,18000,Hybrid/Electric,5,New,0
HYUNDAI,Genesis,3.8L V6,291,52000,Petrol,5,Used,873088
HYUNDAI,Azera,3.3L V6,278,55000,Petrol,5,Used,367660
HYUNDAI,Equus,3.3L V6,278,55000,Petrol,5,New,0
HYUNDAI,Tiburon,2.0L Inline-4,160,19000,Petrol,4,New,0
HYUNDAI,Elantra GT,1.6L Turbo GDI 4-cylinder,160,22000,Petrol,5,Used,744570
Volkswagen,Golf,1.5L Turbo I4 / Electric,215,23000,Petrol,5,Used,844072
Volkswagen,Passat,2.0L Turbo I4,215,25000,Petrol,5,Used,35822
"Volkswagen,Tiguan,2.0L Turbo I4,190,28505,""Petrol,0,Used,0"
Volkswagen,Jetta,1.5L Turbo I4,189,21995,Petrol,5,New,0
Volkswagen,Polo,1.0L Turbo I3 / 1.6L Diesel,140,18000,Petrol,5,Used,794507
Volkswagen,Arteon,2.0L Turbo I4,215,46000,Petrol,5,New,0
Volkswagen,ID.4,Electric,251,39735,Electric,5,New,0
Volkswagen,Up!,Electric,82,15000,Petrol,4,New,0
"Volkswagen,Touareg,3.0L V6 Turbo Diesel / 4.0L V8,365,55000,""Petrol,0,Used,0"
Volkswagen,Scirocco,2.0L Turbo I4,202,35000,Petrol,4,Used,24345
Volkswagen,Beetle,2.0L Turbo I4,157,20000,Petrol,4,Used,134673
Volkswagen,Amarok,3.0L V6 Turbo Diesel,210,40000,Diesel,5,New,0
Volkswagen,T-Roc,2.0L Turbo I4,207,30000,Petrol,5,Used,21501
"Volkswagen,Sharan,2.0L Turbo I4,185,33000,""Petrol,0,Used,0"
"Volkswagen,Caddy,1.5L Turbo I4,126,28000,""Petrol,0,Used,0"
Nissan,NV1500,4.0L V6,261,33000,Petrol,12,New,0
Volkswagen,Taigo,1.5L Turbo I4,122,24000,Petrol,5,New,0
Volkswagen,California,2.0L Turbo I4,177,70000,Diesel,7,New,0
Volkswagen,ID.3,Electric,204,35000,Electric,5,New,0
Volkswagen,ID. Buzz,Electric,204,59995,Electric,7,New,0
Volkswagen,Golf GTI,2.0L Turbo I4,245,31965,Petrol,5,New,0
Volkswagen,Golf R,2.0L Turbo I4,315,44640,Petrol,5,Used,318030
Volkswagen,Passat Alltrack,2.0L Turbo Diesel I4,215,36000,Diesel,5,New,0
Volkswagen,Polo GTI,2.0L Turbo I4,204,28000,Petrol,5,Used,85530
Volkswagen,Up! GTI,1.0L Turbo I3,115,20000,Petrol,4,New,0
Volkswagen,T-Cross,1.0L Turbo I3 / 1.5L Turbo I4,122,25000,Petrol,5,Used,419004
Volkswagen,ID.5,Electric,236,45000,Electric,5,New,0
Volkswagen,ID. Buzz Cargo,Electric,204,55000,Electric,3,Used,372191
Volkswagen,Touareg R,Plug-in Hybrid V6,462,70000,Hybrid,5,New,0
"Volkswagen,Multivan,Plug-in Hybrid / Diesel I4,184,50000,""Petrol,0,Used,0"
Volkswagen,Polo BlueMotion,1.2L Diesel I3,85,22000,Diesel,5,Used,752371
Volkswagen,Golf Sportsvan,1.5L Turbo I4,140,30000,Petrol,5,Used,703507
Volkswagen,Golf Alltrack,2.0L Turbo Diesel I4,173,35000,Petrol,5,Used,389699
Volkswagen,Scirocco R,2.0L Turbo I4,280,40000,Petrol,4,New,0
Volkswagen,Tiguan Allspace,2.0L Turbo I4,207,35000,Petrol,7,New,0
Volkswagen,Arteon 4MOTION,2.0L Turbo I4,255,48000,Petrol,5,Used,294395
Volkswagen,ID.4 GTX,Electric AWD,299,50000,Electric,5,New,0
Volkswagen,ID.3 Pro,Electric,204,35000,Electric,5,New,0
Volkswagen,Golf Variant,1.5L Turbo I4 / 2.0L Diesel I4,140,32000,Petrol,5,Used,856072
Volkswagen,Crafter,2.0L Turbo Diesel I4,139,40000,Diesel,3,Used,519669
Volkswagen,Lupo,1.4L I3 Gas / 1.2L Diesel I3,67,15000,Petrol,4,Used,184268
Volkswagen,Corrado,2.9L VR6,190,25000,Petrol,4,New,0
Volkswagen,Phaeton,3.0L V6 Diesel / 6.0L W12 Gas,345,85000,Petrol,5,New,0
Volkswagen,Golf Cabriolet,1.2L I4 Turbo / 2.0L I4 Turbo,157,30000,Petrol,4,Used,713572
Volkswagen,Santana,1.5L I4 Gas,110,15000,Petrol,5,New,0
Volkswagen,Polo Vivo,1.4L I4 Gas / 1.6L I4 Gas,95,14000,Petrol,5,New,0
Volkswagen,Karmann Ghia,1.2L I4 Gas,47,25000,Petrol,2,New,0
Volkswagen,Fox,1.2L I4 Gas / 1.4L I4 Gas,65,12000,Petrol,5,Used,401538
Volkswagen,Vento,1.6L I4 Gas / Diesel,107,18000,Petrol,5,Used,215102
Volkswagen,Golf Electric,Electric,136,33000,Electric,5,New,0
Volkswagen,Bora,1.6L I4 Gas / 1.9L I4 Diesel,125,20000,Petrol,5,New,0
Volkswagen,Teramont,2.0L I4 Turbo / 3.6L V6 Gas,255,32000,Petrol,7,Used,693767
Volkswagen,Taos,1.5L I4 Turbo,158,24000,Petrol,5,New,0
Volkswagen,Up! Cabriolet,1.0L I3 Turbo,98,18000,Petrol,4,New,0
Volkswagen,T-Roc Cabriolet,1.0L I3 Turbo / 1.5L I4 Turbo,132,35000,Petrol,4,Used,236541
Volkswagen,Passat CC,2.0L I4 Turbo,240,40000,Petrol,5,Used,685709
Volkswagen,Transporter,2.0L I4 Turbo Diesel,153,35000,Diesel,9,New,0
Volkswagen,Amarok V6,3.0L V6 Turbo Diesel,231,45000,Diesel,5,Used,395539
Volkswagen,ID.2,Electric,170,25000,Electric,5,New,0
Volkswagen,Polo TDI,1.4L I4 Diesel / 1.6L Diesel,90,20000,Diesel,5,New,0
Volkswagen,Golf GTE,Plug-in Hybrid (1.4L I4 Turbo),204,40000,Hybrid,5,New,0
Volkswagen,Touareg V8,4.0L V8 Turbo Diesel,421,70000,Petrol,5,Used,562654
Volkswagen,Beetle Dune,1.4L I4 Turbo,150,30000,Petrol,4,New,0
Volkswagen,Passat B8,1.5L I4 Turbo / 2.0L Diesel,215,28000,Petrol,5,Used,427101
Volkswagen,ID.4 Pro S,Electric,201,45000,Electric,5,New,0
Volkswagen,Golf Country,1.8L I4 Gas,98,25000,Petrol,5,New,0
Volkswagen,Jetta GLI,2.0L I4 Turbo,228,31000,Petrol,5,Used,252481
Volkswagen,Arteon Shooting Brake,2.0L I4 Turbo,235,50000,Petrol,5,Used,680132
Volkswagen,T-Cross R-Line,1.0L I3 Turbo / 1.5L I4 Turbo,132,27000,Petrol,5,Used,334994
Volkswagen,Golf R32,3.2L VR6,240,40000,Petrol,5,Used,8602
Volkswagen,Passat B7,1.6L Diesel / 2.0L I4 Turbo,180,26000,Petrol,5,New,0
Volkswagen,Scirocco 16V,1.8L I4 Gas,137,35000,Petrol,4,New,0
Volkswagen,Polo BlueMotion,1.2L Diesel I3,85,20000,Diesel,5,New,0
Volkswagen,Golf Variant GTD,2.0L Diesel I4,184,38000,Diesel,5,Used,446018
Volkswagen,Polo GTI R5,1.6L Turbocharged Rally Engine,272,45000,Petrol,5,Used,95048
Volkswagen,ID. Buzz Pro,Electric,204,60000,Electric,7,Used,543758
Volkswagen,Jetta Hybrid,1.4L I4 Turbo + Electric Motor,170,28000,Hybrid,5,New,0
Volkswagen,Golf Variant Alltrack,2.0L Diesel I4,175,35000,Petrol,5,Used,402480
Volkswagen,Volkswagen XL1,Plug-in Hybrid (0.8L I2 Diesel),68,150000,Hybrid,2,Used,569586
Volkswagen,Golf TDI,2.0L Diesel I4,167,28000,Diesel,5,New,0
Volkswagen,Passat Variant,1.5L I4 Turbo / 2.0L Diesel,195,30000,Petrol,5,Used,122632
Volkswagen,Polo GTI Clubsport,2.0L I4 Turbo,300,30000,Petrol,5,New,0
Volkswagen,ID.3 GTX,Electric,299,45000,Electric,5,Used,477776
Volkswagen,Arteon R-Line,2.0L I4 Turbo,235,50000,Petrol,5,Used,476265
Volkswagen,Golf TGI,1.5L I4 CNG,130,30000,Petrol,5,Used,97429
Volkswagen,Scirocco GTS,2.0L I4 Turbo,220,35000,Petrol,4,Used,337385
Volkswagen,Caddy Maxi,2.0L Diesel I4,136,25000,Diesel,7,New,0
Volkswagen,Volkswagen Lupo 3L,1.2L Diesel I3,61,20000,Diesel,4,New,0
Volkswagen,Polo Beats,1.0L I3 Turbo,95,22000,Petrol,5,New,0
Volkswagen,Passat Hybrid,1.4L I4 Turbo + Electric Motor,215,32000,Hybrid,5,New,0
Volkswagen,Golf TCR,2.0L I4 Turbo,290,40000,Petrol,5,New,0
Volkswagen,Tiguan R-Line,2.0L I4 Turbo,210,45000,Petrol,5,New,0
Volkswagen,Sharan Business,2.0L Diesel I4,167,35000,Diesel,7,Used,264854
Volkswagen,ID. Buzz Cargo Pro,Electric,204,55000,Electric,2,New,0
Volkswagen,Arteon 280 TSI,2.0L I4 Turbo,280,50000,Petrol,5,New,0
Volkswagen,Jetta GLI 35th,2.0L I4 Turbo,228,31000,Petrol,5,New,0
Volkswagen,Beetle Final Edition,2.0L I4 Turbo,174,25000,Petrol,4,Used,521189
Volkswagen,Golf Variant TDI,2.0L Diesel I4,167,30000,Diesel,5,Used,72562
Volkswagen,Golf 4MOTION,2.0L Diesel I4,167,40000,Petrol,5,Used,446328
Volkswagen,Jetta SportWagen,1.4L I4 Turbo / 2.0L Diesel I4,148,27000,Petrol,5,New,0
Volkswagen,Polo GTI Plus,2.0L I4 Turbo,207,30000,Petrol,5,Used,931055
Volkswagen,Touareg V6,3.0L V6 Turbo Diesel / Gasoline,285,60000,Petrol,5,Used,320419
Volkswagen,Tiguan eHybrid,1.4L I4 Turbo + Electric Motor,245,42000,Hybrid,5,Used,331110
Volkswagen,Up! e-up!,Electric,83,23000,Electric,4,Used,833610
Volkswagen,Amarok V8,4.0L V8 Turbo Diesel,325,70000,Diesel,5,Used,835732
Volkswagen,Golf R Cabriolet,2.0L I4 Turbo,265,45000,Petrol,4,Used,569126
Volkswagen,Passat Alltrack TDI,2.0L Diesel I4,190,40000,Diesel,5,New,0
Volkswagen,ID. Buzz Cargo EV,Electric,204,55000,Electric,2,Used,9004
Nissan,Versa,1.6L Inline-4,122,16700,Petrol,5,New,0
Nissan,Micra,1.0L Turbocharged Inline-3,100,15500,Petrol,5,New,0
Nissan,Patrol Platinum,5.6L V8,400,77000,Petrol,7,Used,701000
Nissan,Qashqai,1.3L Turbocharged Inline-4,156,26000,Petrol,5,New,0
Nissan,Murano,3.5L V6,260,39000,Petrol,5,Used,117953
Nissan,Maxima Platinum,3.5L V6,300,45000,Petrol,5,New,0
Nissan,Armada,5.6L V8,400,51000,Petrol,8,New,0
Nissan,Kicks,1.6L Inline-4,122,20000,Petrol,5,Used,621993
Nissan,X-Trail,1.5L Turbocharged Inline-3,201,29000,Hybrid,5,New,0
Nissan,Z (Fairlady Z),3.0L Twin-Turbo V6,400,40000,Petrol,2,New,0
Nissan,Almera,1.0L Turbocharged Inline-3,100,14500,Petrol,5,New,0
Nissan,Sylphy,1.8L Inline-4,137,18000,Petrol,5,Used,822058
Nissan,Note,1.2L Inline-3 Hybrid,109,16000,Hybrid,5,Used,737151
Nissan,Sunny,1.6L Inline-4,118,15000,Petrol,5,Used,948435
Nissan,Cube,1.8L Inline-4,122,14500,Petrol,5,New,0
Nissan,Juke,1.0L Turbocharged Inline-3,117,25000,Petrol,5,New,0
Nissan,Terrano,1.5L Inline-4 Diesel,110,15500,Diesel,5,Used,388064
Nissan,Magnite,1.0L Turbocharged Inline-3,100,12000,Petrol,5,Used,216985
Nissan,Xterra,4.0L V6,261,35000,Petrol,7,New,0
Nissan,Patrol,5.6L V8,400,77000,Petrol,7,New,0
Nissan,GT-R NISMO,3.8L Twin-Turbo V6,600,220000,Petrol,2,Used,830189
Nissan,370Z Roadster,3.7L V6,332,41820,Petrol,2,Used,505147
Nissan,Ariya,Dual Electric Motors,389,58950,Electric,5,New,0
Nissan,Patrol Royale,5.6L V8,400,85000,Petrol,7,New,0
Nissan,Infiniti QX80*,5.6L V8,400,70600,Petrol,7,New,0
Nissan,Tiida,1.6L Inline-4,126,14500,Petrol,5,New,0
Nissan,Pulsar,1.2L Turbocharged Inline-4,115,19000,Petrol,5,Used,893673
Nissan,Latio,1.5L Inline-4,102,13000,Petrol,5,Used,406268
Nissan,Bluebird Sylphy,2.0L Inline-4,133,18500,Petrol,5,New,0
Nissan,March,1.2L Inline-3,79,12000,Petrol,5,Used,762519
Nissan,Rogue Sport,2.0L Inline-4,141,24960,Petrol,5,Used,546161
Nissan,X-Trail Hybrid,2.0L Inline-4 Hybrid,179,28500,Hybrid,5,New,0
Nissan,Pathfinder Rock Creek,3.5L V6,284,42820,Petrol,7,New,0
Nissan,Armada Platinum,5.6L V8,400,65300,Petrol,8,Used,771096
Nissan,Terrano XL,1.6L Inline-4,104,14000,Petrol,5,New,0
Nissan,GT-R50 by Italdesign,3.8L Twin-Turbo V6,720,1100000,Petrol,2,Used,772008
Nissan,370Z NISMO,3.7L V6,350,45790,Petrol,2,New,0
Nissan,Ariya E-4ORCE,Dual Electric Motors,389,60000,Electric,5,New,0
Nissan,Patrol NISMO,5.6L V8,428,105000,Petrol,7,New,0
Nissan,Infiniti Q60*,3.0L V6 Twin-Turbo,300,41750,Petrol,4,Used,854544
Nissan,Primera,2.0L Inline-4,140,20000,Petrol,5,Used,216948
Nissan,Skyline,3.0L V6 Twin-Turbo,400,50000,Petrol,5,New,0
Nissan,Cedric,2.0L Inline-6,150,22000,Petrol,5,Used,587350
Nissan,Gloria,2.5L V6,210,30000,Petrol,5,Used,267642
Nissan,Stanza,1.8L Inline-4,120,18500,Petrol,5,New,0
Nissan,Patrol Super Safari,4.8L Inline-6,280,55000,Petrol,7,Used,98132
Nissan,Pathfinder Hybrid,2.5L Inline-4 Hybrid,250,42500,Hybrid,7,New,0
Nissan,X-Terra Pro-4X,2.5L Inline-4,190,40000,Petrol,7,New,0
Nissan,Rogue Platinum,1.5L Turbo Inline-3,201,38000,Petrol,5,New,0
Nissan,Qashqai Tekna,1.3L Turbo Hybrid Inline-4,158,36000,Hybrid,5,Used,990570
Nissan,GT-R V-Spec,3.8L Twin-Turbo V6,600,175000,Petrol,2,New,0
Nissan,Skyline NISMO,3.0L Twin-Turbo V6,420,55000,Petrol,5,Used,985934
Nissan,Ariya Lounge Edition,Dual Electric Motors,389,63000,Electric,5,New,0
Nissan,Patrol Titanium,5.6L V8,428,98000,Petrol,7,Used,67707
Nissan,Infiniti FX50*,5.0L V8,390,61750,Petrol,5,Used,698923
Nissan,Avenir,2.0L Inline-4,140,20000,Petrol,5,Used,165427
Nissan,Wingroad,1.8L Inline-4,125,18000,Petrol,5,New,0
Nissan,Presea,1.8L Inline-4,115,17500,Petrol,5,Used,428569
Nissan,Leopard,3.0L V6,210,32000,Petrol,5,Used,619836
Nissan,Sunny NISMO Edition,1.6L Turbo Inline-4,190,24000,Petrol,5,New,0
Nissan,Paladin,2.4L Inline-4,150,20000,Petrol,5,Used,804523
Nissan,Hardbody SUV,2.5L Inline-4,158,18500,Petrol,5,Used,434990
Nissan,Patrol Desert Edition,5.6L V8,428,95000,Petrol,7,New,0
Nissan,Pathfinder Armada,5.6L V8,400,60000,Petrol,7,Used,469746
Nissan,Rogue Midnight Edition,1.5L Turbo Inline-3,201,39000,Petrol,5,New,0
Nissan,GT-R Black Edition,3.8L Twin-Turbo V6,600,185000,Petrol,2,Used,870075
Nissan,Fairlady Z Heritage,3.0L Twin-Turbo V6,400,48000,Petrol,2,New,0
Nissan,Skyline GT-R R34,2.6L Twin-Turbo Inline-6,276,70000,Petrol,4,Used,694943
Nissan,Ariya Premiere,Dual Electric Motors,389,67000,Electric,5,New,0
Nissan,Infiniti QX55*,2.0L VC-Turbo Inline-4,268,50000,Petrol,5,New,0
Nissan,NV350 Caravan,2.5L Inline-4 Diesel,129,28000,Diesel,8,Used,813835
Nissan,Navara,2.3L Inline-4 Diesel,190,32000,Diesel,5,New,0
Nissan,Titan XD,5.6L V8,400,55000,Petrol,6,New,0
Nissan,Evalia,1.5L Inline-4 Diesel,85,25000,Diesel,7,New,0
Nissan,Cabstar,2.5L Inline-4 Diesel,130,27000,Diesel,3,New,0
Nissan,Cherry,1.4L Inline-4,67,14000,Petrol,5,Used,577758
Nissan,Laurel,2.8L Inline-6 Diesel,94,22000,Diesel,5,Used,650497
Nissan,Silvia,2.0L Turbo Inline-4,247,45000,Petrol,4,Used,521925
Nissan,NX Coupe,2.0L Inline-4,140,22000,Petrol,4,New,0
Nissan,AD Wagon,1.5L Inline-4,105,16000,Petrol,5,Used,837817
Nissan,Patrol Super Safari Y61,4.8L Inline-6,280,58000,Petrol,7,New,0
Nissan,Pathfinder Rock Creek Edition,3.5L V6,284,44000,Petrol,7,New,0
Nissan,Terrano II,2.7L Inline-4 Diesel,125,28000,Diesel,5,New,0
Nissan,Murano CrossCabriolet,3.5L V6,260,47000,Petrol,4,New,0
Nissan,X-Trail Tekna,1.5L Turbo Hybrid,204,43000,Hybrid,5,Used,151989
Nissan,GT-R LM NISMO,3.0L Twin-Turbo V6 Hybrid,500,600000,Hybrid,2,New,0
Nissan,Skyline 400R,3.0L Twin-Turbo V6,400,70000,Petrol,5,Used,859474
Nissan,Infiniti G37*,3.7L V6,328,42000,Petrol,5,Used,398917
Nissan,Patrol Black Edition,5.6L V8,400,85000,Petrol,7,Used,268812
Nissan,Ariya Empower+,Dual Electric Motors,389,68000,Electric,5,Used,562727
Nissan,Datsun 510 (Classic),1.6L Inline-4,96,25000,Petrol,4,Used,372355
Nissan,200SX,2.0L Turbo Inline-4,200,30000,Petrol,4,Used,796227
Nissan,300ZX,3.0L Twin-Turbo V6,300,50000,Petrol,4,New,0
Nissan,R390 GT1 Road Car,3.5L Twin-Turbo V8,550,1000000,Petrol,2,Used,616130
Nissan,Figaro,1.0L Turbo Inline-4,76,20000,Petrol,4,Used,633876
Nissan,Hardbody Truck,2.4L Inline-4,134,25000,Petrol,5,New,0
Nissan,Atlas,3.0L Inline-4 Diesel,130,35000,Diesel,3,Used,453962
Nissan,Clipper,660cc Inline-3,48,10000,Petrol,4,Used,476338
Nissan,NV200,2.0L Inline-4,131,28000,Petrol,7,New,0
Nissan,Violet,1.8L Inline-4,85,18000,Petrol,5,New,0
Nissan,Bluebird Z,2.0L Inline-4,140,23000,Petrol,5,New,0
Nissan,Stanza Wagon,2.4L Inline-4,138,22000,Petrol,7,Used,782557
Nissan,180SX,2.0L Turbo Inline-4,205,35000,Petrol,4,Used,268407
Nissan,Sunny California,1.6L Inline-4,110,18000,Petrol,5,Used,256829
Nissan,Patrol Warrior,5.6L V8,428,95000,Petrol,7,New,0
Nissan,Pathfinder Armada Platinum,5.6L V8,400,70000,Petrol,7,New,0
Nissan,Rogue Sport SL,2.0L Inline-4,141,32000,Petrol,5,New,0
Nissan,X-Trail Platinum Edition,1.5L Turbo Hybrid,204,46000,Hybrid,5,New,0
Nissan,Qashqai e-Power,1.5L Hybrid,187,40000,Hybrid,5,Used,551785
Nissan,GT-R Egoist,3.8L Twin-Turbo V6,565,220000,Petrol,2,Used,449554
Nissan,Infiniti M45*,4.5L V8,325,50000,Petrol,5,Used,757033
Nissan,Skyline 50th Anniversary,3.0L Twin-Turbo V6,400,75000,Petrol,5,New,0
Nissan,Ariya Dual Motor AWD,Dual Electric Motors,389,70000,Electric,5,New,0
Nissan,Patrol Legend Edition,5.6L V8,428,95000,Petrol,7,Used,861137
Nissan,Datsun 240Z (Classic),2.4L Inline-6,151,45000,Petrol,2,New,0
Nissan,100NX,1.6L Inline-4,110,18000,Petrol,4,New,0
Nissan,Cedric Special Edition,3.0L V6,250,60000,Petrol,5,Used,996813
Nissan,300ZX Turbo,3.0L Twin-Turbo V6,300,55000,Petrol,4,Used,834544
Nissan,Silvia S15 Spec-R,2.0L Turbo Inline-4,250,35000,Petrol,4,Used,397594
Nissan,NV400,2.3L Inline-4 Diesel,135,40000,Diesel,3,New,0
Nissan,Titan Warrior,5.6L V8,400,55000,Petrol,5,New,0
Nissan,Caravan Coach,2.5L Inline-4 Diesel,127,30000,Diesel,7,Used,121545
Nissan,Serena e-Power,1.2L Hybrid,134,35000,Hybrid,7,Used,724882
Nissan,Elgrand,3.5L V6,280,50000,Petrol,7,Used,878874
Nissan,Datsun 510,1.6L Inline-4,96,25000,Petrol,4,Used,325684
Nissan,Prairie,2.0L Inline-4,120,18000,Petrol,5,Used,319909
Nissan,Pulsar GTI-R,2.0L Turbo Inline-4,230,30000,Petrol,5,New,0
Nissan,Almera Tino,1.8L Inline-4,114,15000,Petrol,5,Used,866242
Nissan,Lucino,1.6L Inline-4,115,12000,Petrol,5,Used,662135
Nissan,Rasheen,1.5L Inline-4,105,10000,Petrol,5,New,0
Nissan,Mistral,2.7L Turbo Diesel,125,25000,Diesel,7,Used,930893
Nissan,Patrol Y60,4.2L Inline-6,155,45000,Diesel,7,New,0
Nissan,X-Trail GT,2.0L Turbo Inline-4,280,38000,Petrol,5,New,0
Nissan,Terrano Regulus,3.3L V6,170,28000,Petrol,5,New,0
Nissan,President,4.5L V8,280,70000,Petrol,5,Used,11847
Nissan,Cima,4.1L V8,270,60000,Petrol,5,Used,353666
Nissan,Leopard J. Ferie,3.0L V6 Turbo,255,45000,Petrol,5,Used,159377
Nissan,Gloria Gran Turismo,3.0L V6 Turbo,255,50000,Petrol,5,New,0
Nissan,Infiniti Q45*,4.5L V8,340,50000,Petrol,5,New,0
Nissan,Datsun 240Z,2.4L Inline-6,151,45000,Petrol,2,Used,604075
Nissan,280ZX,2.8L Inline-6,145,35000,Petrol,2,New,0
Nissan,Silvia S13,1.8L Turbo Inline-4,175,20000,Petrol,4,Used,156085
Nissan,200SX,2.0L Turbo Inline-4,200,25000,Petrol,4,New,0
Nissan,NX Coupe,1.8L Inline-4,140,18000,Petrol,4,Used,248275
Nissan,NV2500,4.0L V6,261,36000,Petrol,2,Used,24251
Nissan,NV3500,5.6L V8,375,42000,Petrol,2,New,0
Nissan,NT400 Cabstar,3.0L Inline-4 Diesel,150,35000,Diesel,3,New,0
Porsche,Panamera,2.9L V6 Twin Turbo,330,88000,Petrol,4,New,0
Porsche,Panamera 4,2.9L V6 Twin Turbo,330,92000,Petrol,4,Used,164837
Porsche,Panamera 4S,2.9L V6 Twin Turbo,440,105000,Petrol,4,New,0
Porsche,Panamera Turbo S,4.0L V8 Twin Turbo,620,180000,Petrol,4,Used,730777
Porsche,Panamera GTS,4.0L V8 Twin Turbo,473,130000,Petrol,4,New,0
Porsche,Panamera Platinum Edition,2.9L V6 Twin Turbo,330,102000,Petrol,4,Used,201651
Porsche,Panamera E-Hybrid,2.9L V6 + Electric Motor,455,115000,Hybrid (Petrol),4,Used,930359
Porsche,Panamera 4 E-Hybrid Sport Turismo,2.9L V6 + Electric Motor,455,120000,Hybrid (Petrol),4,Used,477659
Porsche,Panamera Turbo S E-Hybrid,4.0L V8 + Electric Motor,690,190000,Hybrid (Petrol),4,Used,314053
Porsche,Panamera 4 Executive,2.9L V6 Twin Turbo,330,95000,Petrol,4,New,0
Porsche,Cayenne,3.0L V6 Turbo,335,80000,Petrol,5,Used,259805
Porsche,Cayenne Coupe,3.0L V6 Turbo,335,85000,Petrol,5,Used,235451
Porsche,Cayenne S,2.9L V6 Twin Turbo,434,95000,Petrol,5,New,0
Porsche,Cayenne Turbo,4.0L V8 Twin Turbo,541,130000,Petrol,5,Used,575714
Porsche,Cayenne GTS,4.0L V8 Twin Turbo,453,110000,Petrol,5,Used,290423
Porsche,Cayenne Turbo S E-Hybrid,4.0L V8 + Electric Motor,670,170000,Hybrid (Petrol),5,New,0
Porsche,Macan,2.0L I4 Turbo,261,60000,Petrol,5,New,0
Porsche,Macan S,2.9L V6 Twin Turbo,375,75000,Petrol,5,Used,508751
Porsche,Macan GTS,2.9L V6 Twin Turbo,434,85000,Petrol,5,Used,635658
Porsche,Macan T,2.0L I4 Turbo,261,65000,Petrol,5,New,0
Porsche,911 Carrera,3.0L Flat-6 Twin Turbo,379,110000,Petrol,4,Used,567566
Porsche,911 Carrera S,3.0L Twin-Turbo Flat-6,443,131300,Petrol,4,Used,434395
Porsche,911 Carrera 4,3.0L Twin-Turbo Flat-6,379,106500,Petrol,4,Used,52938
Porsche,911 Carrera 4S,3.0L Twin-Turbo Flat-6,443,113300,Petrol,4,New,0
Porsche,911 Targa 4,3.0L Twin-Turbo Flat-6,379,121300,Petrol,4,New,0
Porsche,911 Turbo,3.8L Twin-Turbo Flat-6,572,197200,Petrol,4,New,0
Porsche,911 Turbo S,3.8L Twin-Turbo Flat-6,640,230400,Petrol,4,Used,358779
Porsche,911 GT3,4.0L Naturally Aspirated Flat-6,502,161100,Petrol,2,Used,987770
Porsche,911 GT3 RS,4.0L Naturally Aspirated Flat-6,518,241300,Petrol,2,Used,353006
Porsche,911 Dakar,3.0L Twin-Turbo Flat-6,473,222000,Petrol,2,New,0
Porsche,Taycan,Dual Electric Motors,402,86700,Electric,4,Used,118201
Porsche,Taycan 4S,Dual Electric Motors,522,103800,Electric,4,New,0
Porsche,Taycan Turbo,Dual Electric Motors,670,150900,Electric,4,New,0
Porsche,Taycan Turbo S,Dual Electric Motors,750,185000,Electric,4,Used,347508
Porsche,Taycan GTS,Dual Electric Motors,590,132750,Electric,4,Used,634727
Porsche,Taycan Cross Turismo,Dual Electric Motors,469,97700,Electric,5,New,0
Porsche,Taycan Sport Turismo,Dual Electric Motors,509,104000,Electric,5,Used,109231
Porsche,718 Cayman,2.0L Turbocharged Flat-4,300,63400,Petrol,2,New,0
Porsche,718 Cayman S,2.5L Turbocharged Flat-4,350,75400,Petrol,2,Used,565270
Porsche,718 Cayman GT4,4.0L Naturally Aspirated Flat-6,414,100200,Petrol,2,Used,571341
Porsche,718 Cayman GT4 RS,4.0L Naturally Aspirated Flat-6,493,141700,Petrol,2,Used,640396
Porsche,718 Boxster,2.0L Turbo Flat-4,300,65500,Petrol,2,New,0
Porsche,718 Boxster T,2.0L Turbo Flat-4,300,69600,Petrol,2,New,0
Porsche,718 Boxster GTS,4.0L Naturally Aspirated Flat-6,394,90300,Petrol,2,New,0
Porsche,718 Spyder,4.0L Naturally Aspirated Flat-6,414,98300,Petrol,2,New,0
Porsche,Panamera Base,2.9L Twin-Turbo V6,325,92300,Petrol,4,Used,881946
Porsche,Panamera 4 E-Hybrid,2.9L Twin-Turbo V6 + Electric Motor,462,113300,Hybrid,4,New,0
Porsche,Panamera 4 Sport Turismo,2.9L Twin-Turbo V6,325,101400,Petrol,4,New,0
Porsche,Panamera Turbo S E-Hybrid Sport Turismo,4.0L Twin-Turbo V8 + Electric Motor,690,200200,Hybrid,4,New,0
Porsche,Panamera 4S E-Hybrid Executive,2.9L Twin-Turbo V6 + Electric Motor,560,128900,Hybrid,4,Used,778697
Porsche,Panamera Platinum Edition,2.9L Twin-Turbo V6,325,98300,Petrol,4,New,0
Porsche,Panamera GTS Sport Turismo,4.0L Twin-Turbo V8,473,136900,Petrol,4,New,0
Porsche,Panamera Turbo Executive,4.0L Twin-Turbo V8,550,175200,Petrol,4,New,0
Porsche,Panamera Turbo S Exclusive Series,4.0L Twin-Turbo V8,570,290000,Petrol,4,Used,707914
Porsche,Panamera 4S,2.9L Twin-Turbo V6,443,105000,Petrol,4,New,0
Porsche,Macan Base,2.0L Turbo Inline-4,265,58000,Petrol,5,Used,813789
Porsche,Macan T,2.0L Turbo Inline-4,265,63000,Petrol,5,New,0
Porsche,Macan S,2.9L Twin-Turbo V6,375,70400,Petrol,5,New,0
Porsche,Macan GTS,2.9L Twin-Turbo V6,434,82900,Petrol,5,Used,890179
Porsche,Macan EV,Dual Electric Motors,603,85000,Electric,5,New,0
Porsche,Cayenne Base,3.0L Turbocharged V6,335,72200,Petrol,5,New,0
Porsche,Cayenne E-Hybrid,3.0L V6 + Electric Motor,455,91000,Hybrid,5,New,0
Porsche,Cayenne S Coupe,2.9L Twin-Turbo V6,434,94300,Petrol,4,Used,335079
Porsche,Cayenne Turbo GT,4.0L Twin-Turbo V8,631,182150,Petrol,4,New,0
Porsche,Cayenne Platinum Edition,3.0L Turbocharged V6,335,79000,Petrol,5,New,0
Porsche,Cayenne Turbo S E-Hybrid Coupe,4.0L Twin-Turbo V8 + Electric Motor,670,167800,Hybrid,4,Used,813738
Porsche,Cayenne GTS Coupe,4.0L Twin-Turbo V8,453,111200,Petrol,4,New,0
Porsche,Cayenne Diesel (Regional Markets),3.0L Turbo Diesel V6,262,69000,Diesel,5,Used,544903
Porsche,Cayenne S Hybrid,3.0L V6 + Electric Motor,380,85500,Hybrid,5,Used,24193
Porsche,Cayenne Coupe Turbo E-Hybrid,4.0L Twin-Turbo V8 + Electric Motor,728,182900,Hybrid,4,Used,749209
Porsche,Taycan Base,Dual Electric Motors,321,86700,Electric,4,New,0
Cadillac,CT4,2.0L Turbo Inline-4 Gasoline,237,34395,Petrol,5,New,0
Cadillac,CT4-V,2.7L Turbo Inline-4 Gasoline,325,46595,Petrol,5,New,0
Cadillac,CT5,2.0L Turbo Inline-4 Gasoline,237,38195,Petrol,5,New,0
Cadillac,CT5-V,3.0L Twin-Turbo V6 Gasoline,360,50995,Petrol,5,New,0
Porsche,Taycan Cross Turismo 4,Dual Electric Motors,375,94800,Electric,4,Used,745745
Porsche,Taycan Cross Turismo GTS,Dual Electric Motors,590,139400,Electric,4,Used,472833
Porsche,Taycan Sport Turismo Base,Dual Electric Motors,375,90500,Electric,4,New,0
Porsche,Taycan Sport Turismo GTS,Dual Electric Motors,590,136700,Electric,4,New,0
Porsche,Taycan Turbo S Cross Turismo,Dual Electric Motors,750,190000,Electric,4,Used,235137
Porsche,911 Carrera Base,3.0L Twin-Turbo Flat-6,379,106100,Petrol,4,Used,591940
Porsche,911 Carrera S Cabriolet,3.0L Twin-Turbo Flat-6,443,129900,Petrol,4,Used,351682
Porsche,911 Carrera 4,3.0L Twin-Turbo Flat-6,379,113300,Petrol,4,Used,45536
Porsche,911 Carrera 4 GTS,3.0L Twin-Turbo Flat-6,473,137000,Petrol,4,Used,879553
Porsche,911 Targa 4 GTS,3.0L Twin-Turbo Flat-6,473,157300,Petrol,4,Used,511117
Porsche,911 Turbo Cabriolet,3.8L Twin-Turbo Flat-6,572,184100,Petrol,4,Used,909242
Porsche,911 Turbo S Coupe,3.8L Twin-Turbo Flat-6,640,207000,Petrol,4,New,0
Porsche,911 GT3 Touring,4.0L Naturally Aspirated Flat-6,502,170000,Petrol,2,Used,628387
Porsche,911 GT3 RS Clubsport,4.0L Naturally Aspirated Flat-6,525,223800,Petrol,2,New,0
Porsche,911 Dakar Limited Edition,3.0L Twin-Turbo Flat-6,473,222000,Petrol,4,New,0
Porsche,911 Carrera GTS Lightweight,3.0L Twin-Turbo Flat-6,473,145300,Petrol,4,Used,881910
Porsche,911 Targa 4 Lightweight,3.0L Twin-Turbo Flat-6,379,135500,Petrol,4,New,0
Porsche,911 Turbo Exclusive Series,3.8L Twin-Turbo Flat-6,607,258000,Petrol,4,Used,780556
Porsche,911 GT2 RS,3.8L Twin-Turbo Flat-6,700,293200,Petrol,2,Used,539579
Porsche,911 GT3 Cup,4.0L Naturally Aspirated Flat-6,510,245000,Petrol,1,New,0
Porsche,911 GT4 RS,4.0L Naturally Aspirated Flat-6,500,222000,Petrol,2,Used,853811
Porsche,911 RSR (Motorsport Edition),4.2L Naturally Aspirated Flat-6,515,750000,Petrol,1,Used,423646
Porsche,911 Sport Turismo,3.0L Twin-Turbo Flat-6,379,116000,Petrol,4,New,0
Porsche,911 Turbo Cabriolet Lightweight,3.8L Twin-Turbo Flat-6,572,191300,Petrol,4,Used,998089
Porsche,911 Dakar Sport,3.0L Twin-Turbo Flat-6,473,233000,Petrol,4,New,0
Tata Motors,Tiago,1.2L Revotron 3-cylinder Petrol,86,8200,Petrol,5,New,0
Tata Motors,Tiago EV,Permanent Magnet Synchronous,74,11000,Electric,5,Used,869487
Tata Motors,Altroz,1.2L Revotron Petrol / 1.5L Diesel,87,10400,Petrol/Diesel,5,New,0
Tata Motors,Altroz DCA,1.2L Revotron 3-cylinder Petrol,86,11300,Petrol,5,New,0
Tata Motors,Altroz iTurbo,1.2L Turbocharged Petrol,110,12000,Petrol,5,New,0
Tata Motors,Altroz CNG,1.2L Revotron Bi-Fuel,86,11800,CNG/Petrol,5,New,0
Tata Motors,Tiago NRG,1.2L Revotron 3-cylinder Petrol,86,9200,Petrol,5,Used,323334
Tata Motors,Nano GenX,624cc MPFI,37,4000,Petrol,4,Used,855614
Tata Motors,Indica eV2,1.4L CR4 Diesel,70,6200,Diesel,5,Used,738518
Tata Motors,Indica V2 Xeta,1.2L MPFI Petrol,65,5000,Petrol,5,New,0
Tata Motors,Tigor,1.2L Revotron 3-cylinder Petrol,86,9400,Petrol,5,New,0
Tata Motors,Tigor EV,Permanent Magnet Synchronous,74,14500,Electric,5,Used,611260
Tata Motors,Zest,1.3L Quadrajet Diesel / 1.2L Revotron Petrol,82,8700,Diesel/Petrol,5,New,0
Tata Motors,Indigo eCS,1.4L CR4 Diesel,70,6500,Diesel,5,New,0
Cadillac,Escalade,6.2L V8 Gasoline,420,79295,Petrol,7,Used,112871
Tata Motors,Indigo Marina,1.4L CR4 Diesel / 1.4L Petrol,77,8300,Diesel/Petrol,5,New,0
Tata Motors,Manza,1.3L Quadrajet Diesel / 1.4L Petrol,82,9000,Diesel/Petrol,5,Used,53618
Tata Motors,Indigo LX,1.4L CR4 Diesel,70,7000,Diesel,5,New,0
Tata Motors,Indigo GLX,1.4L MPFI Petrol,85,7200,Petrol,5,Used,95954
Cadillac,Escalade ESV,6.2L V8 Gasoline,420,82295,Petrol,7,Used,600809
Tata Motors,Nexon,1.2L Turbo Petrol / 1.5L Diesel,114,14000,Petrol/Diesel,5,Used,105769
Tata Motors,Nexon EV Max,Permanent Magnet Synchronous,143,25000,Electric,5,New,0
Tata Motors,Harrier,2.0L Kryotec Turbocharged Diesel,168,23000,Diesel,5,Used,866902
Tata Motors,Safari,2.0L Kryotec Turbocharged Diesel,168,25500,Diesel,7,New,0
Tata Motors,Punch,1.2L Revotron Petrol,86,10500,Petrol,5,Used,361311
Tata Motors,Hexa,2.2L Varicor Diesel,154,20000,Diesel,7,Used,864904
Tata Motors,Aria,2.2L Dicor Diesel,138,19000,Diesel,7,New,0
Tata Motors,Sumo Gold,3.0L CR4 Diesel,85,15000,Diesel,7,New,0
Tata Motors,Sumo Grande,2.2L Dicor Diesel,118,16500,Diesel,7,Used,971084
Tata Motors,Nexon EV Prime,Permanent Magnet Synchronous,129,22000,Electric,5,Used,688921
Tesla,Model S,Dual Electric Motors,670,88490,Electric,5,New,0
Tesla,Model S Plaid,Tri Electric Motors,1020,108490,Electric,5,New,0
Tesla,Model 3,Single Electric Motor (RWD),283,40240,Electric,5,New,0
Tesla,Model 3 Performance,Dual Electric Motors (AWD),450,53240,Electric,5,Used,719305
Tesla,Model X,Dual Electric Motors (AWD),670,98490,Electric,7,New,0
Tesla,Model X Plaid,Tri Electric Motors,1020,113490,Electric,6,Used,71467
Tesla,Model Y,Single Electric Motor (RWD),346,47490,Electric,5,Used,403774
Tesla,Model Y Long Range,Dual Electric Motors (AWD),384,50490,Electric,5,Used,36113
Tesla,Cybertruck,Tri Electric Motors,800,69900,Electric,6,Used,693171
Tesla,Roadster 2,Quad Electric Motors,1288,200000,Electric,4,Used,338403
Jeep,Wrangler,3.6L V6 Pentastar Gasoline,285,35195,Petrol,4,Used,931677
Jeep,Wrangler Rubicon,2.0L Turbo I4 Gasoline,270,42100,Petrol,4,Used,786280
Jeep,Grand Cherokee,3.6L V6 Pentastar Gasoline,293,41530,Petrol,5,New,0
Jeep,Grand Cherokee L,3.6L V6 Pentastar Gasoline,293,43530,Petrol,7,Used,160379
Jeep,Cherokee,2.4L I4 Tigershark Gasoline,180,37695,Petrol,5,Used,40912
Jeep,Compass,2.0L Turbo Gasoline,200,31590,Petrol,5,New,0
Jeep,Renegade,1.3L Turbo I4 Gasoline,177,28345,Petrol,5,Used,362743
Jeep,Gladiator,3.6L V6 Pentastar Gasoline,285,38775,Petrol,5,New,0
Jeep,Wagoneer,5.7L V8 Gasoline with eTorque,392,63595,Petrol,8,Used,144839
Jeep,Grand Wagoneer,6.4L V8 Gasoline,471,91495,Petrol,8,Used,577564
Jeep,Grand Cherokee 4xe,2.0L Turbo PHEV,375,59865,Hybrid,5,Used,203485
Jeep,Wrangler 4xe,2.0L Turbo PHEV,375,50695,Hybrid,5,Used,191369
Jeep,Compass 4xe,1.3L Turbo PHEV,240,46500,Hybrid,5,New,0
Jeep,Renegade 4xe,1.3L Turbo PHEV,240,44500,Hybrid,5,Used,123936
Mazda,Mazda2,1.5L 4-Cylinder,108,18500,Petrol,5,New,0
Jeep,Wagoneer S (Electric),Dual Electric Motors,600,80000,Electric,5,Used,152471
Jeep,Gladiator Mojave Edition,3.6L V6 Pentastar Gasoline,285,51570,Petrol,5,Used,608346
Jeep,Grand Cherokee Summit Reserve,5.7L V8 Gasoline,357,66575,Petrol,5,New,0
Jeep,Jeep Cherokee X Edition,3.2L V6 Pentastar Gasoline,271,41295,Petrol,5,New,0
Jeep,Wrangler 392,6.4L V8 HEMI Gasoline,470,82495,Petrol,4,New,0
Cadillac,XT4,2.0L Turbo Inline-4 Gasoline,235,37490,Petrol,5,New,0
Cadillac,XT5,3.6L V6 Gasoline,310,44195,Petrol,5,Used,905703
Cadillac,XT6,3.6L V6 Gasoline,310,48595,Petrol,7,New,0
Cadillac,Lyriq EV,Single Electric Motor,340,58590,Electric,5,New,0
Cadillac,Escalade V,6.2L Supercharged V8 Gasoline,682,149990,Petrol,7,Used,600155
Cadillac,Escalade Platinum,6.2L V8 Gasoline,420,104595,Petrol,7,Used,886623
Cadillac,CT5-V Blackwing,6.2L Supercharged V8 Gasoline,668,92000,Petrol,5,New,0
Cadillac,CT4-V Blackwing,3.6L Twin-Turbo V6 Gasoline,472,60495,Petrol,5,Used,177995
Cadillac,XT4 Sport,2.0L Turbo Inline-4 Gasoline,235,41390,Petrol,5,Used,841228
Cadillac,XT5 Sport,3.6L V6 Gasoline,310,51095,Petrol,5,New,0
Cadillac,XT6 Sport,3.6L V6 Gasoline,310,57095,Petrol,7,Used,735404
Cadillac,Lyriq Launch Edition,Single Electric Motor,340,59990,Electric,5,Used,693502
Cadillac,Lyriq EV Premium,Dual Electric Motors,500,64990,Electric,5,New,0
Cadillac,CT5 Premium Luxury,2.0L Turbo Inline-4 Gasoline,237,41290,Petrol,5,Used,243925
Chevrolet,Spark,1.4L Inline-4 Gasoline,98,14595,Petrol,5,New,0
Chevrolet,Sonic,1.4L Turbo Inline-4 Gasoline,138,16720,Petrol,5,Used,642087
Chevrolet,Malibu,1.5L Turbo Inline-4 Gasoline,160,25000,Petrol,5,Used,611495
Chevrolet,Camaro,2.0L Turbo Inline-4 Gasoline,275,26400,Petrol,4,New,0
Chevrolet,Corvette,6.2L V8 Gasoline,495,65895,Petrol,2,New,0
Chevrolet,Traverse,3.6L V6 Gasoline,310,35915,Petrol,7,New,0
Chevrolet,Equinox,1.5L Turbo Inline-4 Gasoline,170,26600,Petrol,5,Used,916737
Chevrolet,Blazer,3.6L V6 Gasoline,308,44000,Petrol,5,New,0
Chevrolet,Tahoe,5.3L V8 Gasoline,355,56995,Petrol,7,New,0
Chevrolet,Suburban,5.3L V8 Gasoline,355,59900,Petrol,8,Used,125391
Chevrolet,Colorado,2.7L Turbo Inline-4 Gasoline,310,30695,Petrol,5,Used,919887
Chevrolet,Silverado 1500,5.3L V8 Gasoline,355,42795,Petrol,6,Used,830974
Chevrolet,Silverado 2500HD,6.6L V8 Gasoline,401,41500,Petrol,6,New,0
Chevrolet,Silverado 3500HD,6.6L V8 Diesel,445,45500,Diesel,6,New,0
Chevrolet,Bolt EV,Single Electric Motor,200,27495,Electric,5,New,0
Chevrolet,Bolt EUV,Single Electric Motor,200,28795,Electric,5,Used,413252
Chevrolet,Trailblazer,1.3L Turbo Inline-3 Gasoline,155,23100,Petrol,5,New,0
Chevrolet,Malibu Premier,2.0L Turbo Inline-4 Gasoline,250,33500,Petrol,5,Used,285117
Chevrolet,Camaro ZL1,6.2L Supercharged V8 Gasoline,650,67300,Petrol,4,Used,468715
Chevrolet,Corvette Stingray,6.2L V8 Gasoline,495,65895,Petrol,2,New,0
Chevrolet,Silverado 1500 High Country,5.3L V8 Gasoline,355,61595,Petrol,6,New,0
Chevrolet,Silverado 1500 Trail Boss,5.3L V8 Gasoline,355,55895,Petrol,6,Used,884281
Chevrolet,Silverado 1500 RST,5.3L V8 Gasoline,355,50895,Petrol,6,Used,832995
Chevrolet,Colorado ZR2,2.8L Turbo Diesel I4,181,48295,Diesel,5,Used,915724
Chevrolet,Traverse Premier,3.6L V6 Gasoline,310,46600,Petrol,7,New,0
Chevrolet,Equinox Premier,1.5L Turbo Inline-4 Gasoline,170,33400,Petrol,5,Used,209027
Chevrolet,Blazer RS,3.6L V6 Gasoline,308,48900,Petrol,5,Used,664521
Chevrolet,Bolt EV 2LT,Single Electric Motor,200,28795,Electric,5,Used,418686
Chevrolet,Camaro SS,6.2L V8 Gasoline,455,43500,Petrol,4,New,0
Chevrolet,Corvette Grand Sport,6.2L V8 Gasoline,460,65900,Petrol,2,New,0
Chevrolet,Traverse RS,3.6L V6 Gasoline,310,43700,Petrol,7,Used,408561
Chevrolet,Blazer Premier,3.6L V6 Gasoline,308,45000,Petrol,5,New,0
Chevrolet,Malibu LT,1.5L Turbo Inline-4 Gasoline,160,25800,Petrol,5,Used,584360
Chevrolet,Spark Activ,1.4L Inline-4 Gasoline,98,17595,Petrol,5,New,0
Chevrolet,Trax LT,1.2L Turbo Inline-3 Gasoline,137,24100,Petrol,5,New,0
Chevrolet,Equinox LT,1.5L Turbo Inline-4 Gasoline,170,28400,Petrol,5,Used,55738
Chevrolet,Silverado 3500HD High Country,6.6L V8 Diesel,445,75700,Diesel,6,Used,650229
Chevrolet,Colorado WT,2.7L Turbo Inline-4 Gasoline,310,29200,Petrol,5,New,0
Chevrolet,Suburban High Country,6.2L V8 Gasoline,420,82400,Petrol,8,New,0
Chevrolet,Silverado Custom,4.3L V6 Gasoline,285,33900,Petrol,6,New,0
Chevrolet,Spark LS,1.4L Inline-4 Gasoline,98,14395,Petrol,5,Used,759098
Chevrolet,Traverse LT,3.6L V6 Gasoline,310,37200,Petrol,7,New,0
Chevrolet,Blazer LT,2.5L Inline-4 Gasoline,193,36100,Petrol,5,Used,25234
Chevrolet,Malibu Premier,2.0L Turbo Inline-4 Gasoline,250,34500,Petrol,5,Used,865117
Chevrolet,Equinox RS,1.5L Turbo Inline-4 Gasoline,170,31900,Petrol,5,New,0
Chevrolet,Silverado 1500 Custom,4.3L V6 Gasoline,285,34900,Petrol,6,Used,536211
Chevrolet,Silverado 2500HD LTZ,6.6L V8 Diesel,445,56400,Diesel,6,New,0
Chevrolet,Tahoe RST,5.3L V8 Gasoline,355,64100,Petrol,7,Used,473606
Chevrolet,Suburban LT,5.3L V8 Gasoline,355,64400,Petrol,8,New,0
Chevrolet,Bolt EV Premier,Single Electric Motor,200,31700,Electric,5,New,0
Chevrolet,Tahoe LS,5.3L V8 Gasoline,355,56995,Petrol,8,New,0
Chevrolet,Tahoe LT,5.3L V8 Gasoline,355,62495,Petrol,8,Used,61468
Chevrolet,Tahoe Z71,5.3L V8 Gasoline,355,66700,Petrol,7,New,0
Chevrolet,Tahoe Premier,6.2L V8 Gasoline,420,71600,Petrol,7,Used,252820
Chevrolet,Tahoe High Country,6.2L V8 Gasoline,420,76700,Petrol,7,New,0
Chevrolet,Tahoe Midnight Edition,5.3L V8 Gasoline,355,65500,Petrol,8,Used,208763
Chevrolet,Tahoe Sport Edition,6.2L V8 Gasoline,420,70000,Petrol,7,New,0
GMC,Terrain,1.5L Turbo 4-cylinder,175,29900,Petrol,5,New,0
GMC,Acadia,2.0L Turbo 4-cylinder,228,36800,Petrol,7,Used,110657
GMC,Yukon,5.3L V8 Gasoline,355,57400,Petrol,8,New,0
GMC,Yukon XL,6.2L V8 Gasoline,420,61100,Petrol,8,New,0
GMC,Canyon,2.7L Turbo 4-cylinder,310,36900,Petrol,5,Used,499920
GMC,Sierra 1500,5.3L V8 Gasoline,355,37100,Petrol,6,Used,33546
GMC,Sierra 2500HD,6.6L V8 Diesel,401,43900,Diesel,6,New,0
GMC,Sierra 3500HD,6.6L V8 Diesel,445,49000,Diesel,6,New,0
GMC,Hummer EV Pickup,Dual-Motor Electric,625,108700,Electric,5,New,0
GMC,Hummer EV SUV,Dual-Motor Electric,625,105600,Electric,5,Used,955293
GMC,Yukon Denali,6.2L V8 Gasoline,420,72800,Petrol,8,Used,632021
GMC,Sierra Denali,6.2L V8 Gasoline,420,66800,Petrol,6,Used,305339
GMC,Terrain AT4,1.5L Turbo 4-cylinder,175,36500,Petrol,5,Used,280770
GMC,Acadia AT4,3.6L V6 Gasoline,310,41400,Petrol,6,Used,662639
GMC,Sierra 1500 AT4,5.3L V8 Gasoline,355,53800,Petrol,6,Used,328768
GMC,Sierra 2500HD Denali,6.6L V8 Diesel,401,72200,Diesel,6,New,0
GMC,Sierra Elevation,2.7L Turbo 4-cylinder,310,45000,Petrol,5,New,0
GMC,Canyon AT4,2.7L Turbo 4-cylinder,310,43900,Petrol,5,New,0
GMC,Canyon Denali,2.7L Turbo 4-cylinder,310,48000,Petrol,5,New,0
GMC,Yukon XL Denali Ultimate,6.2L V8 Gasoline,420,93800,Petrol,8,Used,243051
GMC,Terrain Denali,1.5L Turbo 4-cylinder,175,38600,Petrol,5,Used,407929
GMC,Acadia Denali,3.6L V6 engine,310,54300,Petrol,7,Used,919041
GMC,Yukon AT4,5.3L V8 engine,355,71505,Petrol,8,New,0
GMC,Yukon XL AT4,5.3L V8 engine,355,73305,Petrol,8,Used,627114
GMC,Sierra 1500 Elevation,2.7L Turbo engine,310,52000,Petrol,5,New,0
GMC,Sierra 1500 SLT,5.3L V8 engine,355,56000,Petrol,5,Used,126809
GMC,Sierra 2500HD AT4,6.6L V8 engine,401,70000,Petrol,5,New,0
GMC,Sierra 3500HD AT4,6.6L V8 engine,401,72000,Petrol,5,New,0
GMC,Canyon Elevation,2.5L I4 engine,200,36300,Petrol,5,Used,978685
GMC,Canyon Denali Black Edition,3.6L V6 engine,308,44000,Petrol,5,Used,689153
GMC,Sierra 1500 Denali Ultimate,6.2L V8 engine,420,80000,Petrol,5,Used,955404
GMC,Yukon XL Denali Reserve,6.2L V8 engine,420,82000,Petrol,7,Used,186407
GMC,Terrain Elevation Edition,1.5L Turbocharged I4 engine,170,28700,Petrol,5,New,0
GMC,Acadia Black Edition,3.6L V6 engine,310,45000,Petrol,7,New,0
"GMC,Hummer EV SUV Edition 1,""Electric motors with up to 11,200,3,96550.0,0,Used,0"
"GMC,Hummer EV Pickup Edition 1,""Electric motors with up to 11,200,3,96550.0,0,Used,0"
GMC,Sierra Denali CarbonPro,6.2L V8 engine,420,65000,Petrol,5,Used,317903
GMC,Yukon Denali Performance,6.2L V8 engine,420,76805,Petrol,8,Used,800449
GMC,Sierra 2500HD Denali Black Edition,6.6L V8 engine,401,75000,Petrol,5,New,0
GMC,Canyon AT4X,3.6L V6 engine,308,50000,Petrol,5,New,0
GMC,Yukon XL SLT,5.3L V8 engine,355,65000,Petrol,8,New,0
GMC,Sierra 1500 Pro,4.3L V6 engine,285,37700,Petrol,3,New,0
GMC,Sierra 2500HD Pro,6.6L V8 engine,401,60000,Petrol,3,Used,46103
GMC,Sierra 3500HD Pro,6.6L V8 engine,401,62000,Petrol,3,New,0
GMC,Terrain SLT,1.5L Turbocharged I4 engine,170,31000,Petrol,5,New,0
GMC,Acadia SLE,3.6L V6 engine,310,40000,Petrol,7,Used,799010
GMC,Canyon SLT,2.5L I4 engine,200,38000,Petrol,5,Used,128626
GMC,Yukon XL Elevation,5.3L V8 engine,355,75000,Petrol,8,New,0
GMC,Sierra 1500 AT4X,6.2L V8 engine,420,82000,Petrol,5,Used,114859
"GMC,Hummer EV SUV Extreme Off-Road,""Electric motors with up to 11,200,3,110000.0,0,Used,0"
GMC,Sierra EV Denali,Electric motors with advanced AWD,754,108700,Electric,5,Used,580491
"GMC,Hummer EV Omega Edition,""Electric motors with up to 11,200,3,112700.0,0,Used,0"
GMC,Canyon AT4X Edition 1,3.6L V6 engine,308,55000,Petrol,5,New,0
GMC,Yukon Denali Ultimate Black,6.2L V8 engine,420,90000,Petrol,8,New,0
GMC,Sierra HD Denali Reserve,6.6L V8 engine,401,85000,Petrol,5,Used,413894
GMC,Acadia Denali Ultimate,3.6L V6 engine,310,60000,Petrol,7,Used,138031
GMC,Terrain All-Terrain Edition,1.5L Turbocharged I4 engine,170,35000,Petrol,5,New,0
GMC,Yukon Trailering Edition,5.3L V8 engine,355,78000,Petrol,8,New,0
"GMC,Hummer EV Adventure Series,""Electric motors with up to 11,200,3,105000.0,0,Used,0"
Kia,Rio,1.6L 4-Cylinder,120,17000,Petrol,5,Used,193554
Kia,Rio 5-Door,1.6L 4-Cylinder,120,18000,Petrol,5,New,0
Kia,Seltos Nightfall Edition,1.6L Turbocharged 4-Cylinder,175,28000,Petrol,5,New,0
Peugeot,508 PSE (Peugeot Sport Engineered),Hybrid I4 + Electric Motor,360,55000,Hybrid,5,New,0
Kia,Sorento X-Line,2.5L Turbocharged 4-Cylinder,277,42000,Petrol,7,Used,623293
Kia,Telluride SX,3.8L V6,291,50000,Petrol,7,New,0
Kia,Forte LXS,2.0L 4-Cylinder,147,19000,Petrol,5,New,0
Kia,K5 EX,1.6L Turbocharged 4-Cylinder,180,28500,Petrol,5,Used,791982
Kia,Niro Plug-In Hybrid,1.6L 4-Cylinder Hybrid,139,33000,Hybrid,5,New,0
Kia,EV6 Wind,Electric Motor,225,50000,Electric,5,New,0
Kia,Soul Turbo,1.6L Turbocharged 4-Cylinder,201,28000,Petrol,5,Used,829540
Kia,Seltos SX,1.6L Turbocharged 4-Cylinder,175,28500,Petrol,5,New,0
Kia,Stinger Scorpion Edition,2.5L Turbocharged 4-Cylinder,300,55000,Petrol,5,Used,634974
Kia,Sorento Hybrid SX Prestige,1.6L Hybrid Turbocharged 4-Cylinder,227,47000,Hybrid,7,Used,55562
Kia,Carnival EX,3.5L V6,290,42500,Petrol,8,New,0
Kia,Telluride Nightfall Edition,3.8L V6,291,51000,Petrol,7,Used,368033
Peugeot,508 Plug-In Hybrid,Hybrid I4 + Electric Motor,225,44000,Hybrid,5,New,0
Kia,EV6 First Edition,Electric Motor,320,58000,Electric,5,Used,957955
Kia,Niro Touring,1.6L 4-Cylinder Hybrid,139,33000,Hybrid,5,New,0
Kia,Forte GT-Line,1.6L Turbocharged 4-Cylinder,201,25000,Petrol,5,Used,886074
Kia,Seltos EX,2.0L 4-Cylinder,146,23500,Petrol,5,Used,680604
Peugeot,3008 Plug-In Hybrid,Hybrid I4 + Electric Motor,225,42000,Hybrid,5,New,0
Kia,Sorento LX,2.5L 4-Cylinder,191,35500,Petrol,7,New,0
Kia,Telluride EX,3.8L V6,291,44000,Petrol,7,Used,58452
Kia,Soul EX,2.0L 4-Cylinder,147,22000,Petrol,5,New,0
Kia,Forte FE,2.0L 4-Cylinder,147,18500,Petrol,5,New,0
Kia,K5 GT-Line,1.6L Turbocharged 4-Cylinder,180,29000,Petrol,5,New,0
Kia,Carnival LXS,3.5L V6,290,39500,Petrol,8,New,0
Kia,EV6 Light,Electric Motor,225,46000,Electric,5,Used,5345
Kia,Niro EX,1.6L 4-Cylinder Hybrid,139,30000,Hybrid,5,New,0
Kia,Stinger GT,3.3L Turbocharged V6,365,51500,Petrol,5,New,0
Kia,Sorento SX Prestige,2.5L Hybrid Turbocharged 4-Cylinder,227,48000,Hybrid,7,New,0
Kia,Telluride SX Prestige,3.8L V6,291,52000,Petrol,7,New,0
Peugeot,508 Hybrid4,Hybrid I4 + Electric Motor,300,47000,Hybrid,5,New,0
Kia,EV6 GT Performance,Electric Motor,577,65000,Electric,5,Used,974019
Kia,Niro SX Touring,1.6L 4-Cylinder Hybrid,139,34500,Hybrid,5,New,0
Kia,Carnival SX Prestige,3.5L V6,290,47000,Petrol,8,New,0
Kia,Seltos SX Turbo,1.6L Turbocharged 4-Cylinder,175,32000,Petrol,5,New,0
Kia,Forte EX Premium,2.0L 4-Cylinder,147,22500,Petrol,5,Used,797962
Kia,Soul EX Designer Edition,2.0L 4-Cylinder,147,23500,Petrol,5,New,0
Kia,Rio S,1.6L 4-Cylinder,120,17500,Petrol,5,Used,841963
Kia,Rio 5-Door S,1.6L 4-Cylinder,120,18000,Petrol,5,Used,787267
Kia,Soul S,2.0L 4-Cylinder,147,20500,Petrol,5,Used,484413
Kia,Seltos LX,2.0L 4-Cylinder,146,23000,Petrol,5,New,0
Peugeot,3008 Hybrid4,Hybrid I4+ Electric Motor,300,45000,Hybrid,5,Used,500740
Kia,Sorento Hybrid EX,1.6L Hybrid Turbocharged 4-Cylinder,227,47000,Hybrid,7,New,0
Kia,Telluride LX,3.8L V6,291,41500,Petrol,7,Used,583293
Kia,Carnival MPV EX,3.5L V6,290,43500,Petrol,8,New,0
Kia,EV6 AWD GT-Line,Electric Motor,320,60000,Electric,5,Used,893854
Kia,Forte GT Turbo,1.6L Turbocharged 4-Cylinder,201,25500,Petrol,5,Used,297103
Kia,Soul GT Designer Edition,2.0L 4-Cylinder,147,23000,Petrol,5,Used,778344
Kia,Seltos X-Line Turbo,1.6L Turbocharged 4-Cylinder,175,30000,Petrol,5,Used,989229
Peugeot,e-2008 GT,Electric Motor,136,40000,Electric,5,Used,9236
Kia,Telluride Limited Edition,3.8L V6,291,53000,Petrol,7,Used,881961
Kia,Stinger GT-Line,2.5L Turbocharged 4-Cylinder,300,50000,Petrol,5,New,0
Kia,Carnival Special Edition,3.5L V6,290,45500,Petrol,8,New,0
Kia,Niro SX Hybrid,1.6L Hybrid Turbocharged 4-Cylinder,139,36000,Hybrid,5,New,0
Kia,EV6 First Edition AWD,Electric Motor,320,62000,Electric,5,Used,678896
Kia,Sorento X-Pro Hybrid,1.6L Hybrid Turbocharged 4-Cylinder,227,49000,Hybrid,7,New,0
Kia,Forte Limited Edition,2.0L 4-Cylinder,147,22500,Petrol,5,New,0
Bugatti,Chiron,8.0L Quad-Turbo W16,1500,3000000,Petrol,2,Used,340184
Bugatti,Chiron Pur Sport,8.0L Quad-Turbo W16,1500,3300000,Petrol,2,Used,57768
Bugatti,Chiron Super Sport,8.0L Quad-Turbo W16,1600,3500000,Petrol,2,Used,118168
Bugatti,Chiron Sport,8.0L Quad-Turbo W16,1500,3300000,Petrol,2,New,0
Bugatti,Chiron Noire,8.0L Quad-Turbo W16,1500,3300000,Petrol,2,Used,292702
Bugatti,Divo,8.0L Quad-Turbo W16,1500,5800000,Petrol,2,Used,288524
Bugatti,Centodieci,8.0L Quad-Turbo W16,1600,9000000,Petrol,2,Used,652648
Bugatti,La Voiture Noire,8.0L Quad-Turbo W16,1500,18000000,Petrol,2,Used,242600
Bugatti,Bolide,8.0L Quad-Turbo W16,1850,4500000,Petrol,2,New,0
Bugatti,Mistral,8.0L Quad-Turbo W16,1600,5000000,Petrol,2,New,0
Volvo,Volvo FH,13.0L I6 Turbo Diesel,540,120000,Diesel,2,Used,490693
Volvo,Volvo FH16,16.1L I6 Turbo Diesel,750,160000,Diesel,2,New,0
Volvo,Volvo FM,12.8L I6 Turbo Diesel,460,100000,Diesel,2,New,0
Volvo,Volvo FMX,13.0L I6 Turbo Diesel,500,110000,Diesel,2,Used,825941
Volvo,Volvo VNL,12.8L I6 Turbo Diesel,500,125000,Diesel,2,New,0
Volvo,Volvo VNR,12.8L I6 Turbo Diesel,400,95000,Diesel,2,New,0
Volvo,Volvo VHD,12.8L I6 Turbo Diesel,500,120000,Diesel,2,New,0
Volvo,Volvo FE,7.7L I6 Turbo Diesel,280,85000,Diesel,2,Used,20520
Volvo,Volvo FL,5.1L I4 Turbo Diesel,180,75000,Diesel,2,New,0
Jaguar Land Rover,Jaguar F-Type,V6 / V8 Petrol,335,70000,Petrol,2,Used,743696
Jaguar Land Rover,Jaguar XE,I4 Petrol,250,45000,Petrol,5,Used,252908
Jaguar Land Rover,Jaguar XF,I4 Petrol,250,50000,Petrol,5,Used,279866
Jaguar Land Rover,Jaguar XJ,V6 Petrol,300,85000,Petrol,5,New,0
Jaguar Land Rover,Jaguar E-PACE,I4 Petrol,200,50000,Petrol,5,Used,914748
Jaguar Land Rover,Jaguar I-PACE,Electric (Dual Motor),400,70000,Electric,5,Used,516016
Jaguar Land Rover,Jaguar F-PACE,I4 Petrol / V6 Petrol,295,60000,Petrol,5,Used,967106
Jaguar Land Rover,Jaguar X-TYPE,I4 Petrol,160,40000,Petrol,5,Used,361597
Jaguar Land Rover,Jaguar F-PACE R-Dynamic,I4 Petrol / V6 Petrol,340,65000,Petrol,5,New,0
Jaguar Land Rover,Jaguar XE R-Dynamic,I4 Petrol,340,60000,Petrol,5,Used,210761
Jaguar Land Rover,Jaguar F-Type SVR,V8 Petrol,575,120000,Petrol,2,Used,54402
Jaguar Land Rover,Jaguar I-PACE Electric Performance,Electric (Dual Motor),400,85000,Electric,5,Used,605048
Jaguar Land Rover,Jaguar F-PACE SVR,V8 Petrol,550,85000,Petrol,5,New,0
Jaguar Land Rover,Jaguar XE S,I4 Petrol,340,55000,Petrol,5,New,0
Jaguar Land Rover,Jaguar XF R-Dynamic,I4 Petrol / V6 Petrol,340,65000,Petrol,5,Used,636635
Jaguar Land Rover,Jaguar XJ LWB (Long Wheelbase),V6 Petrol,300,90000,Petrol,5,New,0
Jaguar Land Rover,Jaguar F-Type Heritage Edition,V8 Petrol,550,110000,Petrol,2,Used,681013
Jaguar Land Rover,Jaguar E-PACE S,I4 Petrol,200,50000,Petrol,5,Used,522696
Jaguar Land Rover,Jaguar I-PACE HSE,Electric (Dual Motor),400,90000,Electric,5,Used,526002
Jaguar Land Rover,Jaguar F-Type V8 R,V8 Petrol,550,100000,Petrol,2,New,0
Jaguar Land Rover,Jaguar F-Type R-Dynamic,I4 Petrol / V6 Petrol,300,70000,Petrol,2,New,0
Jaguar Land Rover,Jaguar XE P300 R-Dynamic,I4 Petrol,300,55000,Petrol,5,New,0
Jaguar Land Rover,Jaguar XF Sportbrake,I4 Petrol / V6 Petrol,250,60000,Petrol,5,Used,585064
Jaguar Land Rover,Jaguar I-PACE EV400 HSE,Electric (Dual Motor),400,85000,Electric,5,Used,889907
Jaguar Land Rover,Jaguar F-PACE S 30t AWD,I4 Petrol,247,60000,Petrol,5,New,0
Jaguar Land Rover,Jaguar E-PACE R-Dynamic,I4 Petrol,246,55000,Petrol,5,Used,678868
Jaguar Land Rover,Jaguar XJ50,V6 Petrol,300,80000,Petrol,5,New,0
Jaguar Land Rover,Jaguar F-Type 75th Anniversary Edition,V8 Petrol,550,100000,Petrol,2,Used,959966
Jaguar Land Rover,Jaguar F-PACE S AWD,I4 Petrol / V6 Petrol,340,65000,Petrol,5,Used,33296
Jaguar Land Rover,Jaguar XE SE,I4 Petrol,250,50000,Petrol,5,New,0
Jaguar Land Rover,Jaguar F-Type V6 S Convertible,V6 Petrol,380,80000,Petrol,2,New,0
Jaguar Land Rover,Jaguar XE R-Sport AWD,I4 Petrol / V6 Petrol,300,55000,Petrol,5,Used,266703
Jaguar Land Rover,Jaguar XF Portfolio AWD,I4 Petrol / V6 Petrol,340,60000,Petrol,5,New,0
Jaguar Land Rover,Jaguar F-Type Coupe R,V8 Petrol,550,100000,Petrol,2,New,0
Jaguar Land Rover,Jaguar I-PACE First Edition,Electric (Dual Motor),400,85000,Electric,5,Used,359141
Jaguar Land Rover,Jaguar F-PACE Prestige AWD,I4 Petrol / V6 Petrol,340,65000,Petrol,5,New,0
Jaguar Land Rover,Jaguar XJ Supercharged,V8 Petrol,510,90000,Petrol,5,New,0
Jaguar Land Rover,Jaguar F-Type P450 AWD,V8 Petrol,450,90000,Petrol,2,Used,497331
Jaguar Land Rover,Jaguar F-PACE P400e Plug-in Hybrid,I4 Petrol + Electric Motor,398,75000,Plug-in Hybrid,5,New,0
Jaguar Land Rover,Jaguar F-Type P300 Coupe,I4 Petrol,300,60000,Petrol,2,New,0
Acura,NSX Type S,Twin-Turbo V6 Hybrid,600,157000,Hybrid,2,New,0
Acura,TLX PMC Edition,V6,290,62000,Petrol,5,Used,644266
Acura,MDX Advance,V6,290,60000,Petrol,7,New,0
Acura,RDX Technology,I4 Turbocharged,272,45000,Petrol,5,Used,804932
Acura,ILX Premium,I4,201,30000,Petrol,5,Used,923817
Acura,TLX A-Spec,V6,290,50000,Petrol,5,Used,584927
Acura,RDX SH-AWD,I4 Turbocharged,272,50000,Petrol,5,New,0
Acura,MDX SH-AWD,V6,290,55000,Petrol,7,New,0
Acura,RDX Platinum Elite,I4 Turbocharged,272,55000,Petrol,5,New,0
Acura,TLX A-Spec Sedan,V6,290,50000,Petrol,5,New,0
Acura,TLX 2.4L,Inline-4,206,35000,Petrol,5,New,0
Acura,MDX Hybrid,V6 Hybrid,321,55000,Hybrid,7,Used,859447
Acura,RDX Hybrid,Inline-4 Hybrid,247,50000,Hybrid,5,New,0
Acura,ILX Technology Package,Inline-4,201,30000,Petrol,5,New,0
Acura,NSX GT3 (Track Version),Twin-Turbo V6 Hybrid,500,150000,Hybrid,2,Used,242372
Acura,RDX Turbo AWD,Inline-4 Turbocharged,272,45000,Petrol,5,Used,999686
Acura,TLX 3.5L V6,V6,290,50000,Petrol,5,New,0
Acura,ILX Special Edition,Inline-4,201,30000,Petrol,5,Used,262633
Acura,MDX SH-AWD w/Technology Package,V6,290,55000,Petrol,7,New,0
Acura,NSX 3.5L Hybrid Coupe,Twin-Turbo V6 Hybrid,537,157000,Hybrid,2,New,0
Acura,MDX Elite,V6,290,58000,Petrol,7,New,0
Acura,TLX V6 Advance,V6,290,46000,Petrol,5,Used,428407
Acura,NSX Carbon Edition,Twin-Turbo V6 Hybrid,537,157000,Hybrid,2,New,0
Acura,RDX Turbo SH-AWD,Turbocharged I4,272,42000,Petrol,5,New,0
Acura,ILX Technology Plus,Inline-4,201,28000,Petrol,5,New,0
Acura,TLX Type S PMC Edition,Turbocharged V6,355,54000,Petrol,5,New,0
Acura,MDX Sport Hybrid,V6 Hybrid,321,52000,Hybrid,7,Used,842423
Peugeot,208,Inline-4,82,22000,Petrol,5,Used,724881
Peugeot,2008,Inline-4,100,25000,Petrol,5,New,0
Peugeot,301,Inline-4,115,23500,Petrol,5,New,0
Peugeot,308,Inline-4,130,28000,Petrol,5,New,0
Peugeot,3008,Inline-4,180,32000,Petrol,5,New,0
Peugeot,5008,Inline-4,165,35000,Diesel,7,New,0
Peugeot,508,Inline-4,180,35500,Petrol,5,New,0
Peugeot,Partner,Diesel I4,75,22500,Diesel,5,Used,890976
Peugeot,Expert,Diesel I4,120,30000,Diesel,3,New,0
Peugeot,Boxer,Diesel I4,140,32000,Diesel,3,New,0
Peugeot,e-208,Electric Motor,136,35000,Electric,5,Used,865233
Peugeot,e-2008,Electric Motor,136,38000,Electric,5,New,0
Peugeot,208 GTI,Inline-4,208,28000,Petrol,5,Used,7032
Peugeot,308 GTI,Inline-4,270,35000,Petrol,5,New,0
Peugeot,508 PSE (Peugeot Sport Engineered),Hybrid I4,360,55000,Hybrid,5,Used,706499
Peugeot,308 Allure,Inline-4,130,25000,Petrol,5,New,0
Peugeot,2008 Allure,Inline-4,130,27000,Petrol,5,New,0
Peugeot,3008 Allure,Inline-4,180,30000,Petrol,5,New,0
Peugeot,5008 Allure,Inline-4,180,33000,Petrol,7,Used,715501
Peugeot,508 Allure,Inline-4,180,35000,Petrol,5,Used,902509
Peugeot,3008 GT,Inline-4,200,35000,Petrol,5,Used,258909
Peugeot,508 GT,Inline-4,225,40000,Petrol,5,New,0
Peugeot,3008 GT Hybrid,Hybrid I4,300,45000,Hybrid,5,Used,939590
Peugeot,5008 GT Hybrid,Hybrid I4,300,48000,Hybrid,7,Used,224335
Peugeot,208 Allure Premium,Inline-4,130,28000,Petrol,5,Used,514924
Peugeot,Partner Tepee,Inline-4,100,25000,Diesel,5,Used,781277
Peugeot,Expert L2H1,Inline-4,120,30000,Diesel,3,New,0
Peugeot,Boxer L2H2,Inline-4,130,35000,Diesel,3,Used,676281
Peugeot,Partner Electric,Electric Motor,136,40000,Electric,5,New,0
Peugeot,Expert Electric,Electric Motor,136,45000,Electric,5,New,0
Peugeot,208 PSE (Peugeot Sport Engineered),Hybrid I4,225,45000,Hybrid,5,New,0
Peugeot,308 PSE,Hybrid I4,360,55000,Hybrid,5,Used,782277
Peugeot,508 PSE,Hybrid I4,360,60000,Hybrid,5,New,0
Peugeot,3008 PSE,Hybrid I4,300,50000,Hybrid,5,Used,549427
Peugeot,2008 Active,Inline-4,100,22000,Petrol,5,Used,383447
Peugeot,3008 Active,Inline-4,130,30000,Petrol,5,Used,817827
Peugeot,5008 Active,Inline-4,130,33000,Petrol,7,New,0
Peugeot,3008 Allure Premium,Inline-4,130,32000,Petrol,5,New,0
Peugeot,5008 Allure Premium,Inline-4,130,35000,Petrol,7,Used,911960
Peugeot,3008 GT Line,Inline-4,180,35000,Petrol,5,Used,913027
Peugeot,5008 GT Line,Inline-4,180,38000,Petrol,7,Used,462245
Peugeot,2008 GT,Inline-4,130,25000,Petrol,5,Used,573797
Peugeot,5008 GT,Inline-4,180,40000,Petrol,7,Used,996231
Peugeot,508 SW (Station Wagon),Inline-4,180,35000,Petrol,5,New,0
Peugeot,508 Saloon,Inline-4,180,37000,Petrol,5,Used,176841
Peugeot,308 Saloon,Inline-4,130,28000,Petrol,5,Used,752920
Peugeot,301 Sedan,Inline-4,82,20000,Petrol,5,New,0
Peugeot,208 Sedan,Inline-4,100,22000,Petrol,5,Used,415786
Ford,Fusion (Mondeo),1.5L EcoBoost / 2.0L Hybrid,205,32500,Petrol/Hybrid,5,Used,95942
Ford,Taurus,3.5L V6 / 2.0L EcoBoost,282,37500,Petrol,5,New,0
Ford,Fiesta,1.0L EcoBoost / 1.5L,142,20000,Petrol,5,New,0
Ford,Focus,1.0L EcoBoost / 1.5L / 2.0L,210,25000,Petrol,5,New,0
Ford,KA+,1.2L Petrol,77,13500,Petrol,5,Used,406988
Ford,EcoSport,1.0L Turbo Inline-3 / 2.0L,144,22500,Petrol,5,New,0
Ford,Escape (Kuga),1.5L EcoBoost / 2.5L Hybrid,190,31500,Petrol/Hybrid,5,New,0
Ford,Edge,2.0L EcoBoost / 2.7L V6,292,40000,Petrol,5,Used,805387
Ford,Explorer,2.3L EcoBoost / 3.0L V6,350,45000,Petrol,7,Used,42789
Ford,Expedition,3.5L EcoBoost / 5.4L V8,387,62500,Petrol,8,New,0
Ford,Bronco,2.3L EcoBoost / 2.7L V6,292,42500,Petrol,4,New,0
Ford,Bronco Sport,1.5L EcoBoost / 2.0L EcoBoost,215,32000,Petrol,5,New,0
Ford,F-150,3.3L V6 / 5.0L V8 / 3.5L EcoBoost,370,55000,Petrol/Diesel,5,Used,833608
Ford,F-250 Super Duty,6.2L V8 / 7.3L V8 / 6.7L Turbo-Diesel,430,55000,Petrol/Diesel,5,Used,897237
Ford,F-350 Super Duty,6.7L Turbo-Diesel / 7.3L V8,462,60000,Diesel,5,Used,720712
Ford,Maverick,2.5L Hybrid / 2.0L EcoBoost,220,26000,Hybrid/Petrol,5,Used,404396
Ford,Ranger,2.3L Turbo Inline-4 / 2.7L V6,297,35000,Petrol/Diesel,5,New,0
Ford,Mustang Mach-E,Electric Motor,385,52000,Electric,5,New,0
Ford,F-150 Lightning,Electric Motor,452,65000,Electric,5,New,0
Ford,Escape Hybrid,2.5L Inline-4 + Electric,200,33000,Hybrid,5,New,0
Ford,Explorer Hybrid,3.3L V6 + Electric,318,52500,Hybrid,7,New,0
Ford,Mustang,5.0L V8,450,55000,Petrol,4,New,0
Ford,GT,3.5L Twin-Turbo V6,660,500000,Petrol,2,Used,252241
Ford,Focus ST,2.3L Turbo Inline-4,280,30000,Petrol,5,Used,666920
Ford,Fiesta ST,1.5L Turbo Inline-3,200,23000,Petrol,5,Used,647784
Ford,Bronco Raptor,3.0L Twin-Turbo V6,400,70000,Petrol,4,New,0
Ford,Ranger Raptor,2.7L Twin-Turbo V6,392,45000,Petrol,5,Used,612591
Ford,F-150 Raptor,3.5L Twin-Turbo V6,450,70000,Petrol,5,New,0
Ford,Puma,Turbocharged Inline-3,123,28000,Petrol,5,Used,953700
Ford,Territory,Turbocharged Inline-4,140,32000,Petrol,5,Used,659892
Ford,Everest,Turbocharged Inline-4,210,52000,Diesel,7,New,0
Ford,Flex,Naturally Aspirated V6,287,31000,Petrol,7,Used,367628
Ford,Transit,EcoBlue Turbo Diesel,170,43455,Diesel,0,New,0
Ford,Transit Connect,Inline-4 Gasoline Engine,162,29365,Petrol,0,Used,304964
Ford,F-450 Super Duty,Turbocharged V8 Diesel,475,61625,Diesel,0,Used,666689
Ford,F-550 Super Duty,Turbocharged V8 Diesel,475,64540,Diesel,0,Used,187708
Ford,Mustang Shelby GT500,Supercharged V8,760,79420,Petrol,2,Used,450584
Ford,Mustang Shelby GT350,Naturally Aspirated V8,526,59140,Petrol,2,Used,732725
Ford,F-150 Platinum,Turbocharged V6,400,64695,Petrol,5,New,0
Ford,F-150 Limited,Turbocharged V6,450,84910,Petrol,5,New,0
Ford,Explorer Platinum,Turbocharged V6,400,56505,Petrol,7,Used,67396
Ford,Expedition King Ranch,Turbocharged V6,440,79560,Petrol,0,Used,866471
Ford,Transit Custom,EcoBlue Turbo Diesel,130,35000,Diesel,0,Used,184452
Ford,E-Series Cutaway,V8 Gasoline Engine,350,36000,Petrol,2,New,0
Ford,Transit Chassis Cab,EcoBlue Turbo Diesel,170,37000,Diesel,2,Used,863734
Ford,Transit Electric (E-Transit),Electric Motor,266,52000,Electric,0,Used,878899
Ford,Explorer Plug-in Hybrid,V6 Hybrid + Electric Motor,457,53000,Hybrid,7,Used,424726
Ford,Maverick Hybrid,I4 Hybrid,191,25000,Hybrid,5,Used,664535
Ford,Mustang (2024),V8 Gasoline Engine,450,60000,Petrol,4,New,0
Ford,Ranger (2024),I4 Turbo Diesel,210,40000,Diesel,5,New,0
Ford,Escape Plug-in Hybrid (2024),I4 Hybrid,221,38000,Hybrid,5,New,0
Ford,Bronco (2024),V6 EcoBoost,310,45000,Petrol,5,New,0
Ford,Explorer (2024),V6 Turbocharged,400,55000,Petrol,7,Used,958812
Mitsubishi,Mirage,1.2L MIVEC,78,17000,Petrol,5,Used,263026
Mitsubishi,Mirage G4,1.2L MIVEC,78,18000,Petrol,5,New,0
Mitsubishi,Outlander,2.5L 4-Cylinder,181,31500,Petrol,7,New,0
Mitsubishi,Outlander PHEV,2.4L Hybrid,248,41000,Hybrid,5,New,0
Mitsubishi,Eclipse Cross,1.5L Turbo,152,26500,Petrol,5,Used,225278
Mitsubishi,ASX (Outlander Sport),2.0L MIVEC,148,24500,Petrol,5,New,0
Mitsubishi,Pajero,3.2L Diesel Turbo,189,42500,Diesel,7,Used,834505
Mitsubishi,Pajero Sport,2.4L Diesel Turbo,181,37500,Diesel,7,New,0
Mitsubishi,Triton (L200),2.4L Diesel Turbo,181,30000,Diesel,5,Used,785152
Mitsubishi,Lancer Evolution X,2.0L Turbocharged,291,45000,Petrol,5,Used,386895
Mitsubishi,i-MiEV (Electric),Electric Motor,66,24500,Electric,4,Used,262829
Mitsubishi,Xpander,1.5L MIVEC,105,22500,Petrol,7,Used,927320
Mitsubishi,Delica D:5,2.2L Diesel Turbo,145,37500,Diesel,7,New,0
Mitsubishi,Colt,1.1L / 1.5L MIVEC,112,17500,Petrol,5,New,0
Mitsubishi,Grandis,2.4L MIVEC,165,27500,Petrol,7,New,0
Mitsubishi,Outlander Black Edition,2.5L 4-Cylinder,181,33500,Petrol,7,New,0
Mitsubishi,Outlander SEL,2.5L 4-Cylinder,181,32500,Petrol,7,Used,684031
Mitsubishi,Outlander SE,2.5L 4-Cylinder,181,30500,Petrol,7,New,0
Mitsubishi,Eclipse Cross Black Edition,1.5L Turbo,152,29000,Petrol,5,Used,949484
Mitsubishi,ASX Exceed,2.0L MIVEC,148,27000,Petrol,5,Used,130272
Mitsubishi,Triton Athlete,2.4L Diesel Turbo,181,31000,Diesel,5,Used,420202
Mitsubishi,Pajero Final Edition,3.2L Diesel Turbo,189,47500,Diesel,7,Used,675328
Mitsubishi,L200 Barbarian X,2.4L Diesel Turbo,181,32500,Diesel,5,Used,174771
Mitsubishi,Space Star,1.2L MIVEC,78,16000,Petrol,5,Used,455895
Mitsubishi,Lancer EX,1.6L MIVEC / 2.0L,132,22500,Petrol,5,New,0
Mitsubishi,Montero Sport,2.4L Diesel Turbo,181,37500,Diesel,7,New,0
Mitsubishi,Attrage,1.2L MIVEC,78,16000,Petrol,5,New,0
Mitsubishi,RVR SE,2.0L MIVEC,148,24000,Petrol,5,New,0
Mitsubishi,Delica Van,2.0L Diesel / 2.2L Diesel,145,32500,Diesel,7,Used,883154
Mitsubishi,Canter (Truck),3.0L Diesel,150,40000,Diesel,2,New,0
Mitsubishi,Lancer GLX,1.6L MIVEC,115,18500,Petrol,5,Used,998390
Mitsubishi,Pajero GLS,3.2L Diesel Turbo,189,47500,Diesel,7,Used,235306
Mitsubishi,Xpander Cross,1.5L MIVEC,105,22500,Petrol,7,New,0
Mitsubishi,Eclipse Cross PHEV,2.4L PHEV,188,37500,Plug-in Hybrid,5,Used,414866
Mitsubishi,Outlander ES,2.5L 4-Cylinder,181,29000,Petrol,7,Used,235332
Mitsubishi,Montero GLX,2.4L Diesel Turbo,181,37500,Diesel,7,Used,750976
Mitsubishi,Triton GLX-R,2.4L Diesel Turbo,181,31000,Diesel,5,New,0
Mitsubishi,ASX Dynamic,2.0L MIVEC,148,26500,Petrol,5,New,0
Mitsubishi,Mirage ES,1.2L MIVEC,78,16000,Petrol,5,Used,205763
Mitsubishi,Outlander LE,2.5L 4-Cylinder,181,32500,Petrol,7,Used,347410
Mitsubishi,Fuso Fighter (Truck),7.5L Diesel,240,80000,Diesel,2,Used,797772
Mitsubishi,Fuso Canter Eco Hybrid,3.0L Diesel Hybrid,150,55000,Diesel Hybrid,2,Used,679250
Mitsubishi,Space Runner,1.8L MIVEC,140,21500,Petrol,5,Used,49329
Mitsubishi,Toppo BJ,0.7L 3-Cylinder,52,11000,Petrol,4,Used,557001
Mitsubishi,Chariot,2.0L MIVEC,140,21500,Petrol,7,New,0
Mitsubishi,Lancer SE Limited,2.0L MIVEC,148,22500,Petrol,5,Used,764386
Mitsubishi,Pajero SWB (Short Wheel Base),3.2L Diesel Turbo,189,47500,Diesel,5,Used,734914
Mitsubishi,Delica Space Gear,2.4L Petrol,145,32500,Petrol,7,Used,856871
Mitsubishi,i (Kei Car),0.7L 3-Cylinder,64,13500,Petrol,4,New,0
Mitsubishi,Dion,2.0L 4-Cylinder,135,16500,Petrol,7,Used,250488
Mitsubishi,Airtrek,2.4L 4-Cylinder,160,22500,Petrol,5,New,0
Mitsubishi,eK Space,0.7L 3-Cylinder,52,11000,Petrol,4,New,0
Mitsubishi,eK X,0.7L 3-Cylinder,64,13500,Petrol,4,Used,92478
Mitsubishi,Colt CZC Convertible,1.5L Turbocharged,147,27500,Petrol,4,New,0
Mitsubishi,Galant Fortis,2.0L MIVEC,154,20000,Petrol,5,Used,622284
Mitsubishi,Endeavor,3.8L V6,225,31500,Petrol,5,Used,485288
Mitsubishi,Grand Lancer,1.8L MIVEC,138,22500,Petrol,5,New,0
Mitsubishi,Sigma,3.0L V6,210,37500,Petrol,5,New,0
Mitsubishi,Town Box,0.7L 3-Cylinder,48,11000,Petrol,4,New,0
Mitsubishi,Minicab MiEV,Electric Motor,64,19000,Electric,2,New,0
Mazda,Mazda3,2.0L SkyActiv-G,155,24000,Petrol,5,New,0
Mazda,Mazda3 Hatchback,2.5L SkyActiv-G,186,26000,Petrol,5,Used,704790
Mazda,Mazda6,2.5L Turbocharged,250,31000,Petrol,5,New,0
Mazda,CX-3,2.0L SkyActiv-G,146,23000,Petrol,5,New,0
Mazda,CX-30,2.5L SkyActiv-G,186,25500,Petrol,5,Used,393413
Mazda,CX-5,2.5L SkyActiv-G,187,29000,Petrol,5,New,0
Mazda,CX-50,2.5L Turbocharged,256,32500,Petrol,5,Used,318113
Mazda,CX-8,2.2L Diesel,187,39000,Diesel,7,New,0
Mazda,CX-9,2.5L Turbocharged,250,41500,Petrol,7,Used,942689
Mazda,CX-90,3.3L Inline-6 Turbo,340,55000,Petrol,7,Used,553527
Mazda,MX-5 Miata,2.0L SkyActiv-G,181,30000,Petrol,2,New,0
Mazda,MX-5 Miata RF,2.0L SkyActiv-G,181,36500,Petrol,2,Used,389981
Mazda,MX-30 Electric,Electric Motor,143,35000,Electric,5,Used,810296
Mazda,CX-4,2.0L SkyActiv-G,158,25000,Petrol,5,Used,822137
Mazda,CX-7,2.3L Turbocharged,244,30500,Petrol,5,Used,889625
Mazda,Tribute,3.0L V6,200,27000,Petrol,5,Used,82859
Mazda,B-Series Pickup,2.5L Diesel,143,22500,Diesel,5,Used,834489
Mazda,BT-50,3.2L Turbo Diesel,200,31000,Diesel,5,Used,814129
Mazda,RX-7,1.3L Rotary Twin-Turbo,276,40000,Petrol,4,New,0
Mazda,RX-3,1.2L Rotary,110,17500,Petrol,4,Used,562159
Mazda,RX-Vision Concept,Rotary SkyActiv-R,400,0,Petrol (Hybrid),2,New,0
Mazda,323F,1.6L Inline-4,105,16000,Petrol,5,New,0
Mazda,Familia Sedan,1.5L Inline-4,100,14000,Petrol,5,New,0
Mazda,Premacy,2.0L Inline-4,138,21000,Petrol,7,Used,490126
Mazda,Demio,1.5L SkyActiv-G,108,15500,Petrol,5,New,0
Mazda,Millenia,2.3L Miller Cycle V6,210,27500,Petrol,5,New,0
Mazda,Eunos Cosmo,2.0L Twin-Rotor Turbo,280,45000,Petrol,4,Used,292565
Mazda,Atenza,2.5L SkyActiv-G,192,25000,Petrol,5,Used,315737
Mazda,Roadpacer AP,1.3L Rotary,130,22500,Petrol,5,New,0
Mazda,626,2.0L Inline-4,140,20000,Petrol,5,Used,389719
Mazda,929,3.0L V6,205,27500,Petrol,5,Used,314528
Mazda,Luce,1.8L Rotary,135,17500,Petrol,5,New,0
Mazda,Capella,1.6L Inline-4,110,16000,Petrol,5,Used,861782
Mazda,Carol,660cc Inline-3,63,10500,Petrol,4,Used,485783
Mazda,Autozam AZ-1,657cc Turbocharged Inline-3,63,15000,Petrol,2,New,0
Mazda,Spiano,660cc Inline-3,54,9000,Petrol,4,New,0
Mazda,Verisa,1.5L Inline-4,113,16000,Petrol,5,Used,5203
Mazda,MX-6,2.5L V6,164,21000,Petrol,4,Used,218004
Mazda,MPV,3.0L V6,200,27500,Petrol,7,Used,22556
Mazda,Proceed Marvie,2.6L Inline-4,120,22500,Petrol,5,New,0
Mazda,Sentia,3.0L V6,200,25000,Petrol,5,New,0
Mazda,Cronos,2.5L V6,160,20000,Petrol,5,New,0
Mazda,Scrum,660cc Inline-3,63,10000,Petrol,4,Used,799979
Mazda,Parkway,1.8L Inline-4,115,22500,Petrol,5,Used,633956
Mazda,Titan (Truck),3.0L Inline-4,130,27500,Diesel,2,Used,526106
Mazda,CX-60,2.5L Inline-4,187,42500,Petrol/Diesel,5,Used,674281
Mazda,CX-80,3.0L Inline-6,250,47500,Petrol,7,New,0
Mazda,T1500,1.5L Inline-4,75,16500,Petrol,2,Used,624096
Mazda,Bongo Van,2.0L Inline-4,100,20000,Petrol/Diesel,3,Used,456267
Mazda,Bongo Friendee,2.5L Inline-4,115,22000,Petrol/Diesel,7,Used,269449
Mazda,Revue,1.3L Inline-4,75,11000,Petrol,5,New,0
Mazda,Proteg,1.8L Inline-4,125,16500,Petrol,5,Used,951086
Mazda,Xedos 6,2.5L V6,170,27500,Petrol,5,Used,773136
Mazda,Xedos 9,3.0L V6,200,32500,Petrol,5,New,0
Mazda,121,1.3L Inline-4,70,13500,Petrol,5,Used,127015
Mazda,1200,1.2L Inline-4,60,11000,Petrol,4,New,0
Mazda,1500,1.5L Inline-4,85,13500,Petrol,5,Used,419612
Mazda,RX-2,1.3L Inline-2 (Wankel),130,22500,Petrol,4,New,0
Mazda,RX-5,1.6L Inline-2 (Wankel),135,27500,Petrol,4,New,0
Mazda,RX-7 Spirit R,1.3L Inline-2 (Wankel),280,37500,Petrol,2,Used,755068
Mazda,Cosmo Sport (110S),1.0L Inline-2 (Wankel),110,32500,Petrol,2,Used,743188
Mazda,Eunos 500,2.0L Inline-4,135,26500,Petrol,5,Used,68499
Mazda,Eunos Roadster,1.6L Inline-4,116,16500,Petrol,2,Used,656561
Mazda,Familia Astina,1.8L Inline-4,135,21000,Petrol,5,New,0
Mazda,Savanna RX-7,1.3L Inline-2 (Wankel),165,30000,Petrol,2,Used,815135
Mazda,Capella Cargo,2.0L Inline-4,115,20000,Petrol,4,Used,102316
Mazda,818,1.6L Inline-4,100,16000,Petrol,5,Used,145660
Mazda,Sentia Hardtop Coupe,2.5L V6,160,32500,Petrol,4,New,0
Mazda,Biante,2.0L Inline-4,150,24000,Petrol,7,New,0
Mazda,Premacy Hydrogen RE Hybrid,1.3L Wankel + Electric,200,42500,Hybrid,5,Used,879110
Mazda,Carol P360,0.36L Inline-2,26,9000,Petrol,4,Used,124684
Mazda,T2000,2.0L Inline-4,110,19000,Petrol,2,Used,901414
Mazda,AZ-Offroad,1.3L Inline-4,85,16500,Petrol,5,New,0
Mazda,Scrum Wagon,0.66L Inline-3,64,11000,Petrol,4,New,0
Mazda,Persona,1.5L Inline-4,92,14500,Petrol,5,Used,57680
Mazda,Astina,1.8L Inline-4,140,22000,Petrol,5,New,0
Mazda,Etude,1.6L Inline-4,105,15000,Petrol,5,New,0
Mazda,Porter,1.5L Inline-4,95,13500,Petrol,2,New,0
Mazda,MX-3,1.6L Inline-4,130,20000,Petrol,4,New,0
Mazda,MX-5 Superlight Concept,1.8L Inline-4,143,32500,Petrol,2,Used,994912
Mazda,Premacy Hydrogen RE,1.3L Wankel + Electric,200,42500,Hybrid,5,New,0
Mazda,Bongo Truck,2.0L Inline-4,120,16500,Petrol,2,New,0
Mazda,Rotary Pickup,1.3L Wankel Rotary Engine,130,20000,Petrol,2,New,0
Mazda,Luce Rotary Coupe,1.3L Wankel Rotary Engine,135,27500,Petrol,4,New,0
Mazda,Millenia S,2.5L V6,200,32500,Petrol,5,New,0
Mazda,787B (Race Car),2.6L Wankel Rotary Engine,700,6000000,Petrol,1,Used,39905
Toyota,Crown Signia,2.5L Hybrid I4,240,45795,Hybrid (Gas + Electric),5,Used,236503
Toyota,4Runner (6th Gen),2.4L Turbo I4 (i-FORCE MAX Hybrid),326,50000,Hybrid,7,New,0
Toyota,Corolla Cross,2.0L Gas / 2.0L Hybrid,182,27172,Gas / Hybrid,5,New,0
Toyota,C-HR+,1.8L / 2.0L Hybrid,169,33000,Hybrid,5,Used,370263
Toyota,RAV4 (6th Gen),2.5L Hybrid / Plug-in Hybrid,260,36000,Hybrid / Plug-in,5,Used,82000
